Observation ID,Location ID,Observed Property ID,Observed DateTime,Analyzed DateTime,Depth,Depth Unit,Data Classification,Result Value,Result Unit,Source Of Rounded Value,Rounded Value,Rounding Specification,Result Status,Result Grade,Medium,Activity ID,Activity Name,Collection Method,Field: Device ID,Field: Device Type,Field: Comment,Lab: Specimen Name,Lab: Analysis Method,Lab: Detection Condition,Lab: Limit Type,Lab: MDL,Lab: MRL,Lab: Quality Flag,Lab: Received DateTime,Lab: Prepared DateTime,Lab: Sample Fraction,Lab: From Laboratory,Lab: Sample ID,Lab: Dilution Factor,Lab: Comment,QC: Type,QC: Source Sample ID,EA_Lab Batch ID,EA_Observation Composite Stat,EA_Upload File Name
,0603071,pH (acidity),2016-06-01T11:50:00-08:00,2016-06-15T00:00:00-08:00,10,metre,LAB,7.18,pH units,,,,Preliminary,Ungraded,Water - Fresh,,2999350,Grab,,,,Physical Properties,X330;Meter;EMS Migration,,,0.1,,,2016-06-02T00:00:00-08:00,,,ALS,2,,,,,L1777681,,edt-water-november-26-2024v2-copy.xlsx
,0500118,Vanadium Total (fl. conc.),2017-04-06T10:00:00-08:00,2017-04-10T00:00:00-08:00,1,metre,LAB,0.0002,mg/L,,,,Preliminary,Ungraded,Water - Fresh,,3106375,Grab,,,,Metals - Total,"X561;Total metals: FA, HNO3, HR-ICPMS (No Prep)Prep);EMS Migration",NOT_DETECTED,,0.0002,,,2017-04-07T00:00:00-08:00,,Total,ALS,1,,,,,L1910695,,edt-water-november-26-2024v2-copy.xlsx
,0500615,Hardness (Dissolved) (as CaCO3) (fl. conc.),2018-09-05T10:20:00-08:00,2018-09-07T00:00:00-08:00,13,metre,LAB,118,mg/L,,,,Preliminary,Ungraded,Water - Fresh,,3293185,Grab,,,,Major Ions,XCAL;Calculation (mg/L);EMS Migration,,,0.5,,,2018-09-06T08:40:00-08:00,,Dissolved,ALS,2,,,,,L2159364,,edt-water-november-26-2024v2-copy.xlsx
,E301590,Chlorophyll A (fl. conc.),2016-08-23T11:26:00-08:00,2016-09-09T00:00:00-08:00,1,metre,LAB,0.00108,mg/L,,,,Preliminary,Ungraded,Water - Fresh,,3033607,Grab,,,,Biological Examination,X454;Fluorimetric: Extraction;EMS Migration,,,0.00001,,,2016-08-26T00:00:00-08:00,,,ALS,2,,,Replicate,,L1819916,,edt-water-november-26-2024v2-copy.xlsx
,E301591,Phosphorus Ort.Dis-P (fl. conc.),2018-05-02T11:00:00-08:00,2018-05-04T00:00:00-08:00,25,metre,LAB,0.001,mg/L,,,,Preliminary,Ungraded,Water - Fresh,,3248705,Grab,,,,Nutrients,1380;Auto.Ascorbic Acid;EMS Migration,NOT_DETECTED,,0.001,,,2018-05-03T00:00:00-08:00,,,ALS,2,,,,,L2088651,,edt-water-november-26-2024v2-copy.xlsx
,E301591,Nitrogen Organic-Total (fl. conc.),2018-05-02T11:00:00-08:00,2018-05-04T00:00:00-08:00,25,metre,LAB,0.088,mg/L,,,,Preliminary,Ungraded,Water - Fresh,,3248705,Grab,,,,Nutrients,CS01;System Calculation;EMS Migration,NOT_DETECTED,,,,,2018-05-03T00:00:00-08:00,,Total,ALS,,,,,,,,edt-water-november-26-2024v2-copy.xlsx
,E301591,Barium Total (fl. conc.),2018-05-02T10:30:00-08:00,2018-05-11T00:00:00-08:00,1,metre,LAB,0.00866,mg/L,,,,Preliminary,Ungraded,Water - Fresh,,3248706,Grab,,,,Metals - Total,"X561;Total metals: FA, HNO3, HR-ICPMS (No Prep)Prep);EMS Migration",,,0.00002,,,2018-05-03T00:00:00-08:00,,Total,ALS,1,,,,,L2088651,,edt-water-november-26-2024v2-copy.xlsx
,E301591,Chromium Total (fl. conc.),2018-05-02T10:30:00-08:00,2018-05-11T00:00:00-08:00,1,metre,LAB,0.0001,mg/L,,,,Preliminary,Ungraded,Water - Fresh,,3248706,Grab,,,,Metals - Total,"X561;Total metals: FA, HNO3, HR-ICPMS (No Prep)Prep);EMS Migration",NOT_DETECTED,,0.0001,,,2018-05-03T00:00:00-08:00,,Total,ALS,1,,,,,L2088651,,edt-water-november-26-2024v2-copy.xlsx
,E301591,Nitrogen Kjel.Tot(N) (fl. conc.),2022-04-19T14:40:00-08:00,2022-05-02T00:00:00-08:00,14,metre,LAB,0.105,mg/L,,,,Preliminary,Ungraded,Water - Fresh,,3892962,Grab,,,,Nutrients,TKNF;TKN-F-VA;EMS Migration,,,0.05,,,2022-04-21T16:40:00-08:00,,,ALS,002,,,,,VA22A8414,,edt-water-november-26-2024v2-copy.xlsx
,E301591,Nitrate(NO3) + Nitrite(NO2) Dissolved (fl. conc.),2022-04-19T14:30:00-08:00,2022-04-26T00:00:00-08:00,1,metre,LAB,0.0188,mg/L,,,,Preliminary,Ungraded,Water - Fresh,,3892963,Grab,,,,Nutrients,XCAL;Calculation (mg/L);EMS Migration,,,0.0032,,,2022-04-21T16:40:00-08:00,,Dissolved,ALS,001,,,,,VA22A8414,,edt-water-november-26-2024v2-copy.xlsx
,0500246,Strontium Total (fl. conc.),2021-03-16T11:00:00-08:00,2021-03-19T00:00:00-08:00,1,metre,LAB,0.458,mg/L,,,,Preliminary,Ungraded,Water - Fresh,,3675722,Grab,,,,Metals - Total,METN;MET-T-NP-CCMS-VA;EMS Migration,,,0.00005,,,2021-03-17T08:20:00-08:00,,Total,ALS,001,,,,,VA21A4922,,edt-water-november-26-2024v2-copy.xlsx
,0603071,Arsenic Total (fl. conc.),2022-05-17T10:00:00-08:00,2022-05-30T00:00:00-08:00,9,metre,LAB,0.000381,mg/L,,,,Preliminary,Ungraded,Water - Fresh,,3901143,Grab,,,,Metals - Total,METN;MET-T-NP-CCMS-VA;EMS Migration,,,0.00002,,,2022-05-18T10:20:00-08:00,,Total,ALS,002,,,,,VA22B0803,,edt-water-november-26-2024v2-copy.xlsx
,0603071,Nitrogen Ammonia Total (fl. conc.),2022-05-17T09:45:00-08:00,2022-05-27T00:00:00-08:00,1,metre,LAB,0.005,mg/L,,,,Preliminary,Ungraded,Water - Fresh,,3901144,Grab,,,,Nutrients,NH3F;NH3-F-VA;EMS Migration,NOT_DETECTED,,0.005,,,2022-05-18T10:20:00-08:00,,Total,ALS,001,,,,,VA22B0803,,edt-water-november-26-2024v2-copy.xlsx
,1131186,Boron Total (fl. conc.),2021-05-17T11:00:00-08:00,2021-05-25T00:00:00-08:00,13,metre,LAB,0.005,mg/L,,,,Preliminary,Ungraded,Water - Fresh,,3720440,Grab,,,,Metals - Total,METN;MET-T-NP-CCMS-VA;EMS Migration,NOT_DETECTED,,0.005,,,2021-05-20T12:00:00-08:00,,Total,ALS,002,,,,,VA21A9854,,edt-water-november-26-2024v2-copy.xlsx
,1131186,pH (acidity),2021-05-17T10:45:00-08:00,2021-05-27T00:00:00-08:00,1,metre,LAB,8.21,pH units,,,,Preliminary,Ungraded,Water - Fresh,,3720441,Grab,,,,Physical Properties,X330;Meter;EMS Migration,,,0.1,,,2021-05-20T12:00:00-08:00,,,ALS,001,,,,,VA21A9854,,edt-water-november-26-2024v2-copy.xlsx
,1131186,pH-Field (acidity),2021-05-17T10:45:00-08:00,2021-05-27T00:00:00-08:00,1,metre,FIELD_RESULT,8.41,pH units,,,,Preliminary,Ungraded,Water - Fresh,,,Grab,,Field sampling,,,FLD;Field sampling;EMS Migration,,,0.1,,,2021-05-20T12:00:00-08:00,,,ALS,001,,,,,VA21A9854,,edt-water-november-26-2024v2-copy.xlsx
,1131186,Selenium Total (fl. conc.),2021-05-17T10:45:00-08:00,2021-05-25T00:00:00-08:00,1,metre,LAB,0.000062,mg/L,,,,Preliminary,Ungraded,Water - Fresh,,3720441,Grab,,,,Metals - Total,METN;MET-T-NP-CCMS-VA;EMS Migration,,,0.00004,,,2021-05-20T12:00:00-08:00,,Total,ALS,001,,,,,VA21A9854,,edt-water-november-26-2024v2-copy.xlsx
,0500123,Bismuth Total (fl. conc.),2023-04-20T12:00:00-08:00,2023-04-26T00:00:00-08:00,17,metre,LAB,0.000005,mg/L,,,,Preliminary,Ungraded,Water - Fresh,,4093804,Grab,,,,Metals - Total,METN;MET-T-NP-CCMS-VA;EMS Migration,NOT_DETECTED,,0.000005,,,2023-04-21T11:00:00-08:00,,Total,ALS,002,,,,,VA23A8611,,edt-water-november-26-2024v2-copy.xlsx
,0500123,Lead Total (fl. conc.),2023-04-20T11:45:00-08:00,2023-04-25T00:00:00-08:00,1,metre,LAB,0.0000066,mg/L,,,,Preliminary,Ungraded,Water - Fresh,,4093805,Grab,,,,Metals - Total,METT;MET-T-NP-BCMOE-MS-VA;EMS Migration,,,0.000005,,,2023-04-21T11:00:00-08:00,,Total,ALS,001,,,,,VA23A8611,,edt-water-november-26-2024v2-copy.xlsx
,1130218,Aluminum Total (fl. conc.),2023-09-19T09:15:00-08:00,2023-09-21T00:00:00-08:00,1,metre,LAB,0.00532,mg/L,,,,Preliminary,Ungraded,Water - Fresh,,4169245,Grab,,,,Metals - Total,METT;MET-T-NP-BCMOE-MS-VA;EMS Migration,,,0.0005,,,2023-09-20T11:00:00-08:00,,Total,ALS,001,,,,,VA23C2318,,edt-water-november-26-2024v2-copy.xlsx
,1130218,pH (acidity),2023-09-19T09:15:00-08:00,2023-09-25T00:00:00-08:00,1,metre,LAB,7.76,pH units,,,,Preliminary,Ungraded,Water - Fresh,,4169245,Grab,,,,Physical Properties,X330;Meter;EMS Migration,,,0.1,,,2023-09-20T11:00:00-08:00,,,ALS,001,,,,,VA23C2318,,edt-water-november-26-2024v2-copy.xlsx
,0500730,Total Nitrogen NO2 + NO3 (fl. conc.),2016-03-08T10:30:00-08:00,2023-09-25T00:00:00-08:00,20,metre,LAB,0.073,mg/L,,,,Preliminary,Ungraded,Water - Fresh,,2959476,Grab,,,,Nutrients,CS01;System Calculation;EMS Migration,,,,,,2016-03-09T09:00:00-08:00,,Total,ALS,,,,,,,,edt-water-november-26-2024v2-copy.xlsx
,0603019,Carbon Total Organic (fl. conc.),2017-04-20T12:30:00-08:00,2017-04-30T00:00:00-08:00,11,metre,LAB,12.6,mg/L,,,,Preliminary,Ungraded,Water - Fresh,,3125681,Grab,,,,Carbon,X067;TOC Analyzer;EMS Migration,,,0.5,,,2017-04-21T00:00:00-08:00,,Total,ALS,3,,,,,L1916036,,edt-water-november-26-2024v2-copy.xlsx
,0603100,Magnesium Total (fl. conc.),2019-05-01T13:20:00-08:00,2019-05-06T00:00:00-08:00,11,metre,LAB,12.1,mg/L,,,,Preliminary,Ungraded,Water - Fresh,,3391470,Grab,,,,Metals - Total,"X561;Total metals: FA, HNO3, HR-ICPMS (No Prep)Prep);EMS Migration",,,0.01,,,2019-05-03T08:45:00-08:00,,Total,ALS,2,,,,,L2267161,,edt-water-november-26-2024v2-copy.xlsx
,0603100,Manganese Total (fl. conc.),2019-05-01T13:20:00-08:00,2019-05-06T00:00:00-08:00,11,metre,LAB,0.0643,mg/L,,,,Preliminary,Ungraded,Water - Fresh,,3391470,Grab,,,,Metals - Total,"X561;Total metals: FA, HNO3, HR-ICPMS (No Prep)Prep);EMS Migration",,,0.00005,,,2019-05-03T08:45:00-08:00,,Total,ALS,2,,,,,L2267161,,edt-water-november-26-2024v2-copy.xlsx
,0603100,Silicon Total (fl. conc.),2019-05-01T13:20:00-08:00,2019-05-06T00:00:00-08:00,11,metre,LAB,4.9,mg/L,,,,Preliminary,Ungraded,Water - Fresh,,3391470,Grab,,,,Metals - Total,"X561;Total metals: FA, HNO3, HR-ICPMS (No Prep)Prep);EMS Migration",,,0.05,,,2019-05-03T08:45:00-08:00,,Total,ALS,2,,,,,L2267161,,edt-water-november-26-2024v2-copy.xlsx
,0603100,Potassium Total (fl. conc.),2019-05-01T12:20:00-08:00,2019-05-06T00:00:00-08:00,1,metre,LAB,1.84,mg/L,,,,Preliminary,Ungraded,Water - Fresh,,3391471,Grab,,,,Metals - Total,"X561;Total metals: FA, HNO3, HR-ICPMS (No Prep)Prep);EMS Migration",,,0.005,,,2019-05-03T08:45:00-08:00,,Total,ALS,1,,,,,L2267161,,edt-water-november-26-2024v2-copy.xlsx
,E207466,Nitrogen Total (fl. conc.),2018-02-08T11:25:00-08:00,2018-02-15T00:00:00-08:00,8,metre,LAB,1.7,mg/L,,,,Preliminary,Ungraded,Water - Fresh,,3217551,Grab,,,,Nutrients,"F005;K/Persulphate Dig,Red'n,Col'm;EMS Migration",,,0.06,,,2018-02-09T00:00:00-08:00,,Total,ALS,2,,,,,L2054793,,edt-water-november-26-2024v2-copy.xlsx
,0500239,Nitrogen Total (fl. conc.),2018-09-11T09:30:00-08:00,2018-09-23T00:00:00-08:00,20,metre,LAB,0.273,mg/L,,,,Preliminary,Ungraded,Water - Fresh,,3295611,Grab,,,,Nutrients,"F005;K/Persulphate Dig,Red'n,Col'm;EMS Migration",,,0.03,,,2018-09-12T08:45:00-08:00,,Total,ALS,2,,,,,L2162667,,edt-water-november-26-2024v2-copy.xlsx
,0500239,Nitrogen Organic-Total (fl. conc.),2018-09-11T09:15:00-08:00,2018-09-23T00:00:00-08:00,1,metre,LAB,0.26,mg/L,,,,Preliminary,Ungraded,Water - Fresh,,3295612,Grab,,,,Nutrients,CS01;System Calculation;EMS Migration,NOT_DETECTED,,,,,2018-09-12T08:45:00-08:00,,Total,ALS,,,,,,,,edt-water-november-26-2024v2-copy.xlsx
,E316772,Nitrate(NO3) + Nitrite(NO2) Dissolved (fl. conc.),2019-09-11T08:30:00-08:00,2019-09-20T00:00:00-08:00,10,metre,LAB,0.0032,mg/L,,,,Preliminary,Ungraded,Water - Fresh,,3468668,Grab,,,,Nutrients,X044;Ion Chromatography;EMS Migration,NOT_DETECTED,,0.0032,,,2019-09-12T08:45:00-08:00,,Dissolved,ALS,2,,,,,L2345957,,edt-water-november-26-2024v2-copy.xlsx
,E316772,Zinc Total (fl. conc.),2019-09-11T08:30:00-08:00,2019-09-17T00:00:00-08:00,10,metre,LAB,0.00091,mg/L,,,,Preliminary,Ungraded,Water - Fresh,,3468668,Grab,,,,Metals - Total,METT;MET-T-NP-BCMOE-MS-VA;EMS Migration,,,0.0002,,,2019-09-12T08:45:00-08:00,,Total,ALS,2,,,,,L2345957,,edt-water-november-26-2024v2-copy.xlsx
,E316772,Barium Total (fl. conc.),2019-09-11T08:15:00-08:00,2019-09-17T00:00:00-08:00,1,metre,LAB,0.00599,mg/L,,,,Preliminary,Ungraded,Water - Fresh,,3468669,Grab,,,,Metals - Total,METN;MET-T-NP-CCMS-VA;EMS Migration,,,0.00002,,,2019-09-12T08:45:00-08:00,,Total,ALS,1,,,,,L2345957,,edt-water-november-26-2024v2-copy.xlsx
,1130218,Hardness (Dissolved) (as CaCO3) (fl. conc.),2018-05-01T10:45:00-08:00,2018-05-09T00:00:00-08:00,1,metre,LAB,46.8,mg/L,,,,Preliminary,Ungraded,Water - Fresh,,3248803,Grab,,,,Major Ions,XCAL;Calculation (mg/L);EMS Migration,,,0.5,,,2018-05-02T10:45:00-08:00,,Dissolved,ALS,1,,,,,L2087956,,edt-water-november-26-2024v2-copy.xlsx
,1130218,Manganese Dissolved (fl. conc.),2018-05-01T10:45:00-08:00,2018-05-04T00:00:00-08:00,1,metre,LAB,0.000253,mg/L,,,,Preliminary,Ungraded,Water - Fresh,,3248803,Grab,,,,Metals - Dissolved,"X562;Dissolved metals: FF, FA, HNO3, HR-ICPMS;EMS Migration",,,0.00005,,,2018-05-02T10:45:00-08:00,,Dissolved,ALS,1,,,,,L2087956,,edt-water-november-26-2024v2-copy.xlsx
,0500248,Nitrogen - Nitrite Dissolved (NO2) (fl. conc.),2018-09-13T11:45:00-08:00,2018-09-16T00:00:00-08:00,16,metre,LAB,0.001,mg/L,,,,Preliminary,Ungraded,Water - Fresh,,3301288,Grab,,,,Nutrients,X044;Ion Chromatography;EMS Migration,NOT_DETECTED,,0.001,,,2018-09-14T09:10:00-08:00,,Dissolved,ALS,2,,,,,L2164485,,edt-water-november-26-2024v2-copy.xlsx
,0500248,Nitrate(NO3) + Nitrite(NO2) Dissolved (fl. conc.),2018-09-13T11:30:00-08:00,2018-09-27T00:00:00-08:00,1,metre,LAB,0.0032,mg/L,,,,Preliminary,Ungraded,Water - Fresh,,3301289,Grab,,,,Nutrients,X044;Ion Chromatography;EMS Migration,NOT_DETECTED,,0.0032,,,2018-09-14T09:10:00-08:00,,Dissolved,ALS,1,,,,,L2164485,,edt-water-november-26-2024v2-copy.xlsx
,E105973,Nitrogen Total (fl. conc.),2017-05-10T12:41:00-08:00,2017-05-18T00:00:00-08:00,1,metre,LAB,0.324,mg/L,,,,Preliminary,Ungraded,Water - Fresh,,3129426,Grab,,,,Nutrients,"F005;K/Persulphate Dig,Red'n,Col'm;EMS Migration",,,0.03,,,2017-05-11T00:00:00-08:00,,Total,ALS,1,,,,,L1924941,,edt-water-november-26-2024v2-copy.xlsx
,E105973,Molybdenum Total (fl. conc.),2017-05-10T12:41:00-08:00,2017-05-18T00:00:00-08:00,1,metre,LAB,0.0149,mg/L,,,,Preliminary,Ungraded,Water - Fresh,,3129426,Grab,,,,Metals - Total,"X561;Total metals: FA, HNO3, HR-ICPMS (No Prep)Prep);EMS Migration",,,0.00005,,,2017-05-11T00:00:00-08:00,,Total,ALS,1,,,,,L1924941,,edt-water-november-26-2024v2-copy.xlsx
,E216924,Calcium Total (fl. conc.),2019-08-27T09:45:00-08:00,2019-09-04T00:00:00-08:00,9,metre,LAB,34.2,mg/L,,,,Preliminary,Ungraded,Water - Fresh,,3435648,Grab,,,,Metals - Total,METN;MET-T-NP-CCMS-VA;EMS Migration,,,0.01,,,2019-08-27T21:00:00-08:00,,Total,ALS,2,,,,,L2337043,,edt-water-november-26-2024v2-copy.xlsx
,E216924,Cadmium Total (fl. conc.),2019-08-27T09:45:00-08:00,2019-09-04T00:00:00-08:00,9,metre,LAB,0.0000085,mg/L,,,,Preliminary,Ungraded,Water - Fresh,,3435648,Grab,,,,Metals - Total,METN;MET-T-NP-CCMS-VA;EMS Migration,,,0.000005,,,2019-08-27T21:00:00-08:00,,Total,ALS,2,,,,,L2337043,,edt-water-november-26-2024v2-copy.xlsx
,E216924,Antimony Total (fl. conc.),2019-08-27T09:45:00-08:00,2019-09-04T00:00:00-08:00,9,metre,LAB,0.000037,mg/L,,,,Preliminary,Ungraded,Water - Fresh,,3435648,Grab,,,,Metals - Total,METN;MET-T-NP-CCMS-VA;EMS Migration,,,0.00002,,,2019-08-27T21:00:00-08:00,,Total,ALS,2,,,,,L2337043,,edt-water-november-26-2024v2-copy.xlsx
,E216924,pH-Field (acidity),2019-08-27T09:30:00-08:00,2019-08-28T00:00:00-08:00,1,metre,FIELD_RESULT,9.27,pH units,,,,Preliminary,Ungraded,Water - Fresh,,,Grab,,Field sampling,,,FLD;Field sampling;EMS Migration,,,0.1,,,2019-08-27T21:00:00-08:00,,,ALS,1,,,,,L2337043,,edt-water-november-26-2024v2-copy.xlsx
,0500246,Nitrogen Kjel.Tot(N) (fl. conc.),2016-09-14T11:45:00-08:00,2016-09-21T00:00:00-08:00,1,metre,LAB,0.231,mg/L,,,,Preliminary,Ungraded,Water - Fresh,,3039187,Grab,,,,Nutrients,XCAL;Calculation (mg/L);EMS Migration,,,0.05,,,2016-09-15T00:00:00-08:00,,,ALS,1,,,,,L1829541,,edt-water-november-26-2024v2-copy.xlsx
,E301591,Phosphorus Ort.Dis-P (fl. conc.),2018-09-07T13:00:00-08:00,2018-09-08T00:00:00-08:00,13,metre,LAB,0.001,mg/L,,,,Preliminary,Ungraded,Water - Fresh,,3293473,Grab,,,,Nutrients,1380;Auto.Ascorbic Acid;EMS Migration,NOT_DETECTED,,0.001,,,2018-09-08T12:03:00-08:00,,,ALS,2,,,,,L2160882,,edt-water-november-26-2024v2-copy.xlsx
,E301591,Chloride Dissolved (fl. conc.),2018-09-07T12:45:00-08:00,2018-09-10T00:00:00-08:00,1,metre,LAB,1.04,mg/L,,,,Preliminary,Ungraded,Water - Fresh,,3293474,Grab,,,,Major Ions,X044;Ion Chromatography;EMS Migration,,,0.5,,,2018-09-08T12:03:00-08:00,,Dissolved,ALS,1,,,,,L2160882,,edt-water-november-26-2024v2-copy.xlsx
,0603019,Nitrate (NO3) Dissolved (fl. conc.),2017-08-30T09:45:00-08:00,2017-09-02T00:00:00-08:00,9,metre,LAB,0.003,mg/L,,,,Preliminary,Ungraded,Water - Fresh,,4215196,Grab,,,,Nutrients,X044;Ion Chromatography;EMS Migration,NOT_DETECTED,,0.003,,,2017-09-01T00:00:00-08:00,,Dissolved,ALS,3,,,,,L1985242,,edt-water-november-26-2024v2-copy.xlsx
,1100862,Hardness Total (Total) (fl. conc.),2021-09-07T12:14:00-08:00,2021-09-15T00:00:00-08:00,10,metre,LAB,27.1,mg/L,,,,Preliminary,Ungraded,Water - Fresh,,3770813,Grab,,,,Major Ions,XCAL;Calculation (mg/L);EMS Migration,,,0.5,,,2021-09-08T11:45:00-08:00,,Total,ALS,002,,,,,VA21B9269,,edt-water-november-26-2024v2-copy.xlsx
,1100862,Calcium Total (fl. conc.),2021-09-07T12:30:00-08:00,2021-09-15T00:00:00-08:00,1,metre,LAB,8.51,mg/L,,,,Preliminary,Ungraded,Water - Fresh,,3770814,Grab,,,,Metals - Total,METN;MET-T-NP-CCMS-VA;EMS Migration,,,0.01,,,2021-09-08T11:45:00-08:00,,Total,ALS,001,,,,,VA21B9269,,edt-water-november-26-2024v2-copy.xlsx
,0400390,Silica Reactive Diss (fl. conc.),2022-05-25T18:20:00-08:00,2022-05-31T00:00:00-08:00,1,metre,LAB,2.35,mg/L,,,,Preliminary,Ungraded,Water - Fresh,,3902127,Grab,,,,Nutrients,X160;Auto Molybdate-Blue Col.(Ascorbic);EMS Migration,,,0.5,,,2022-05-26T08:05:00-08:00,,,ALS,001,,,,,FJ2201321,,edt-water-november-26-2024v2-copy.xlsx
,0400390,Cobalt Total (fl. conc.),2022-05-25T18:20:00-08:00,2022-05-30T00:00:00-08:00,1,metre,LAB,0.0002,mg/L,,,,Preliminary,Ungraded,Water - Fresh,,3902127,Grab,,,,Metals - Total,METN;MET-T-NP-CCMS-VA;EMS Migration,,,0.000005,,,2022-05-26T08:05:00-08:00,,Total,ALS,001,,,,,FJ2201321,,edt-water-november-26-2024v2-copy.xlsx
,E206955,Nitrogen Organic-Total (fl. conc.),2020-09-16T12:10:00-08:00,2022-05-30T00:00:00-08:00,1,metre,LAB,0.4651,mg/L,,,,Preliminary,Ungraded,Water - Fresh,,3630088,Grab,,,,Nutrients,CS01;System Calculation;EMS Migration,,,,,,2020-09-17T08:20:00-08:00,,Total,ALS,,,,,,,,edt-water-november-26-2024v2-copy.xlsx
,0500730,Silver Total (fl. conc.),2022-03-09T09:45:00-08:00,2022-03-11T00:00:00-08:00,20,metre,LAB,0.000005,mg/L,,,,Preliminary,Ungraded,Water - Fresh,,3857655,Grab,,,,Metals - Total,METN;MET-T-NP-CCMS-VA;EMS Migration,NOT_DETECTED,,0.000005,,,2022-03-10T12:00:00-08:00,,Total,ALS,002,,,,,VA22A5031,,edt-water-november-26-2024v2-copy.xlsx
,0500730,Hardness Total (Total) (fl. conc.),2022-03-09T09:45:00-08:00,2022-03-15T00:00:00-08:00,20,metre,LAB,116,mg/L,,,,Preliminary,Ungraded,Water - Fresh,,3857655,Grab,,,,Major Ions,XCAL;Calculation (mg/L);EMS Migration,,,0.5,,,2022-03-10T12:00:00-08:00,,Total,ALS,002,,,,,VA22A5031,,edt-water-november-26-2024v2-copy.xlsx
,0500730,Nitrogen Ammonia Total (fl. conc.),2022-03-09T09:45:00-08:00,2022-03-17T00:00:00-08:00,20,metre,LAB,0.005,mg/L,,,,Preliminary,Ungraded,Water - Fresh,,3857655,Grab,,,,Nutrients,NH3F;NH3-F-VA;EMS Migration,NOT_DETECTED,,0.005,,,2022-03-10T12:00:00-08:00,,Total,ALS,002,,,,,VA22A5031,,edt-water-november-26-2024v2-copy.xlsx
,0500730,Chloride Dissolved (fl. conc.),2022-03-09T09:45:00-08:00,2022-03-11T00:00:00-08:00,20,metre,LAB,5.83,mg/L,,,,Preliminary,Ungraded,Water - Fresh,,3857655,Grab,,,,Major Ions,X044;Ion Chromatography;EMS Migration,,,0.5,,,2022-03-10T12:00:00-08:00,,Dissolved,ALS,002,,,,,VA22A5031,,edt-water-november-26-2024v2-copy.xlsx
,0500730,Nitrate (NO3) Dissolved (fl. conc.),2022-03-09T09:30:00-08:00,2022-03-11T00:00:00-08:00,1,metre,LAB,0.0956,mg/L,,,,Preliminary,Ungraded,Water - Fresh,,3857656,Grab,,,,Nutrients,X044;Ion Chromatography;EMS Migration,,,0.003,,,2022-03-10T12:00:00-08:00,,Dissolved,ALS,001,,,,,VA22A5031,,edt-water-november-26-2024v2-copy.xlsx
,E303413,Nitrogen Ammonia Total (fl. conc.),2020-08-20T09:30:00-08:00,2020-08-28T00:00:00-08:00,18,metre,LAB,0.005,mg/L,,,,Preliminary,Ungraded,Water - Fresh,,3602958,Grab,,,,Nutrients,NH3F;NH3-F-VA;EMS Migration,NOT_DETECTED,,0.005,,,2020-08-21T11:35:00-08:00,,Total,ALS,2,,,,,L2492409,,edt-water-november-26-2024v2-copy.xlsx
,E303413,Tin Total (fl. conc.),2020-08-20T09:30:00-08:00,2020-08-24T00:00:00-08:00,18,metre,LAB,0.00005,mg/L,,,,Preliminary,Ungraded,Water - Fresh,,3602958,Grab,,,,Metals - Total,METN;MET-T-NP-CCMS-VA;EMS Migration,NOT_DETECTED,,0.00005,,,2020-08-21T11:35:00-08:00,,Total,ALS,2,,,,,L2492409,,edt-water-november-26-2024v2-copy.xlsx
,E303413,Zinc Total (fl. conc.),2020-08-20T09:30:00-08:00,2020-08-24T00:00:00-08:00,18,metre,LAB,0.00033,mg/L,,,,Preliminary,Ungraded,Water - Fresh,,3602958,Grab,,,,Metals - Total,METT;MET-T-NP-BCMOE-MS-VA;EMS Migration,,,0.0002,,,2020-08-21T11:35:00-08:00,,Total,ALS,2,,,,,L2492409,,edt-water-november-26-2024v2-copy.xlsx
,E303413,Silica Reactive Diss (fl. conc.),2020-08-20T09:15:00-08:00,2020-08-24T00:00:00-08:00,1,metre,LAB,5.3,mg/L,,,,Preliminary,Ungraded,Water - Fresh,,3602959,Grab,,,,Nutrients,X160;Auto Molybdate-Blue Col.(Ascorbic);EMS Migration,,,0.5,,,2020-08-21T11:35:00-08:00,,,ALS,1,,,,,L2492409,,edt-water-november-26-2024v2-copy.xlsx
,E303413,Zinc Total (fl. conc.),2020-08-20T09:15:00-08:00,2020-08-24T00:00:00-08:00,1,metre,LAB,0.00037,mg/L,,,,Preliminary,Ungraded,Water - Fresh,,3602959,Grab,,,,Metals - Total,METT;MET-T-NP-BCMOE-MS-VA;EMS Migration,,,0.0002,,,2020-08-21T11:35:00-08:00,,Total,ALS,1,,,,,L2492409,,edt-water-november-26-2024v2-copy.xlsx
,0400379,Phosphorus Total (fl. conc.),2022-06-01T09:35:00-08:00,2022-06-14T00:00:00-08:00,8,metre,LAB,0.0248,mg/L,,,,Preliminary,Ungraded,Water - Fresh,,3903728,Grab,,,,Nutrients,X257;Colorimetric;EMS Migration,,,0.002,,,2022-06-01T20:40:00-08:00,,Total,ALS,002,,,,,VA22B2141,,edt-water-november-26-2024v2-copy.xlsx
,0400379,Molybdenum Total (fl. conc.),2022-06-01T09:47:00-08:00,2022-06-08T00:00:00-08:00,1,metre,LAB,0.000236,mg/L,,,,Preliminary,Ungraded,Water - Fresh,,3903729,Grab,,,,Metals - Total,METN;MET-T-NP-CCMS-VA;EMS Migration,,,0.00005,,,2022-06-01T20:40:00-08:00,,Total,ALS,001,,,,,VA22B2141,,edt-water-november-26-2024v2-copy.xlsx
,E217507,pH (acidity),2022-03-09T13:00:00-08:00,2022-03-14T00:00:00-08:00,18,metre,LAB,7.53,pH units,,,,Preliminary,Ungraded,Water - Fresh,,3857662,Grab,,,,Physical Properties,X330;Meter;EMS Migration,,,0.1,,,2022-03-10T12:00:00-08:00,,,ALS,002,,,,,VA22A5047,,edt-water-november-26-2024v2-copy.xlsx
,E217507,Silica Reactive Diss (fl. conc.),2022-03-09T13:00:00-08:00,2022-03-15T00:00:00-08:00,18,metre,LAB,3.76,mg/L,,,,Preliminary,Ungraded,Water - Fresh,,3857662,Grab,,,,Nutrients,X160;Auto Molybdate-Blue Col.(Ascorbic);EMS Migration,,,0.5,,,2022-03-10T12:00:00-08:00,,,ALS,002,,,,,VA22A5047,,edt-water-november-26-2024v2-copy.xlsx
,E217507,Dissolved Oxygen-Field (fl. conc.),2022-03-09T13:30:00-08:00,2022-03-14T00:00:00-08:00,1,metre,FIELD_RESULT,11.9,mg/L,,,,Preliminary,Ungraded,Water - Fresh,,,Grab,,Field sampling,,,FLD;Field sampling;EMS Migration,,,0.01,,,2022-03-10T12:00:00-08:00,,Dissolved,ALS,001,,,,,VA22A5047,,edt-water-november-26-2024v2-copy.xlsx
,0603071,pH (acidity),2021-05-19T10:00:00-08:00,2021-05-27T00:00:00-08:00,1,metre,LAB,7.4,pH units,,,,Preliminary,Ungraded,Water - Fresh,,3720492,Grab,,,,Physical Properties,X330;Meter;EMS Migration,,,0.1,,,2021-05-20T12:00:00-08:00,,,ALS,001,,,,,VA21A9790,,edt-water-november-26-2024v2-copy.xlsx
,0500848,Nitrogen Ammonia Total (fl. conc.),2020-08-26T10:45:00-08:00,2020-08-31T00:00:00-08:00,1,metre,LAB,0.005,mg/L,,,,Preliminary,Ungraded,Water - Fresh,,3603222,Grab,,,,Nutrients,NH3F;NH3-F-VA;EMS Migration,NOT_DETECTED,,0.005,,,2020-08-27T08:40:00-08:00,,Total,ALS,1,,,,,L2494984,,edt-water-november-26-2024v2-copy.xlsx
,0500848,Nickel Total (fl. conc.),2020-08-26T10:45:00-08:00,2020-08-27T00:00:00-08:00,1,metre,LAB,0.000485,mg/L,,,,Preliminary,Ungraded,Water - Fresh,,3603222,Grab,,,,Metals - Total,METN;MET-T-NP-CCMS-VA;EMS Migration,,,0.00005,,,2020-08-27T08:40:00-08:00,,Total,ALS,1,,,,,L2494984,,edt-water-november-26-2024v2-copy.xlsx
,0500119,Sulfate Dissolved (fl. conc.),2022-04-28T12:00:00-08:00,2022-05-02T00:00:00-08:00,13,metre,LAB,4,mg/L,,,,Preliminary,Ungraded,Water - Fresh,,3893142,Grab,,,,Major Ions,X044;Ion Chromatography;EMS Migration,,,0.3,,,2022-04-29T11:45:00-08:00,,Dissolved,ALS,002,,,,,VA22A9100,,edt-water-november-26-2024v2-copy.xlsx
,0500119,Antimony Total (fl. conc.),2022-04-28T12:00:00-08:00,2022-05-05T00:00:00-08:00,13,metre,LAB,0.00002,mg/L,,,,Preliminary,Ungraded,Water - Fresh,,3893142,Grab,,,,Metals - Total,METN;MET-T-NP-CCMS-VA;EMS Migration,NOT_DETECTED,,0.00002,,,2022-04-29T11:45:00-08:00,,Total,ALS,002,,,,,VA22A9100,,edt-water-november-26-2024v2-copy.xlsx
,0500453,Boron Total (fl. conc.),2023-08-30T08:15:00-08:00,2023-09-06T00:00:00-08:00,19,metre,LAB,0.0097,mg/L,,,,Preliminary,Ungraded,Water - Fresh,,4163200,Grab,,,,Metals - Total,METN;MET-T-NP-CCMS-VA;EMS Migration,,,0.005,,,2023-08-31T11:00:00-08:00,,Total,ALS,002,,,,,VA23C0504,,edt-water-november-26-2024v2-copy.xlsx
,0500453,Specific Conductance (elec. cond.),2023-08-30T08:00:00-08:00,2023-09-01T00:00:00-08:00,1,metre,LAB,283,ÂµS/cm,,,,Preliminary,Ungraded,Water - Fresh,,4163201,Grab,,,,Physical Properties,X330;Meter;EMS Migration,,,2,,,2023-08-31T11:00:00-08:00,,,ALS,001,,,,,VA23C0504,,edt-water-november-26-2024v2-copy.xlsx
,1132490,Silica Reactive Diss (fl. conc.),2023-09-07T07:33:00-08:00,2023-09-08T00:00:00-08:00,10,metre,LAB,6.49,mg/L,,,,Preliminary,Ungraded,Water - Fresh,,4164659,Grab,,,,Nutrients,X160;Auto Molybdate-Blue Col.(Ascorbic);EMS Migration,,,2.5,,,2023-09-07T10:10:00-08:00,,,ALS,002,,,,,VA23C1077,,edt-water-november-26-2024v2-copy.xlsx
,1132490,Chlorophyll A (fl. conc.),2023-09-07T07:30:00-08:00,2023-09-12T00:00:00-08:00,1,metre,LAB,0.00148,mg/L,,,,Preliminary,Ungraded,Water - Fresh,,4164660,Grab,,,,Biological Examination,X454;Fluorimetric: Extraction;EMS Migration,,,0.00001,,,2023-09-07T10:10:00-08:00,,,ALS,001,,,,,VA23C1077,,edt-water-november-26-2024v2-copy.xlsx
,1132490,Cadmium Total (fl. conc.),2023-09-07T07:30:00-08:00,2023-09-11T00:00:00-08:00,1,metre,LAB,0.000005,mg/L,,,,Preliminary,Ungraded,Water - Fresh,,4164660,Grab,,,,Metals - Total,METN;MET-T-NP-CCMS-VA;EMS Migration,NOT_DETECTED,,0.000005,,,2023-09-07T10:10:00-08:00,,Total,ALS,001,,,,,VA23C1077,,edt-water-november-26-2024v2-copy.xlsx
,1130218,Chlorophyll A (fl. conc.),2023-03-29T09:00:00-08:00,2023-04-01T00:00:00-08:00,1,metre,LAB,0.000777,mg/L,,,,Preliminary,Ungraded,Water - Fresh,,4070756,Grab,,,,Biological Examination,X454;Fluorimetric: Extraction;EMS Migration,,,0.00001,,,2023-03-30T13:45:00-08:00,,,ALS,001,,,,,VA23A6906,,edt-water-november-26-2024v2-copy.xlsx
,0400502,Nitrogen Organic-Total (fl. conc.),2023-08-08T13:10:00-08:00,2023-04-01T00:00:00-08:00,1,metre,LAB,0.4344,mg/L,,,,Preliminary,Ungraded,Water - Fresh,,4156677,Grab,,,,Nutrients,CS01;System Calculation;EMS Migration,,,,,,2023-08-09T11:00:00-08:00,,Total,ALS,,,,,,,,edt-water-november-26-2024v2-copy.xlsx
,E216924,Hardness Total (Total) (fl. conc.),2016-05-05T11:30:00-08:00,2023-04-01T00:00:00-08:00,9,metre,LAB,135.3652,mg/L,,,,Preliminary,Ungraded,Water - Fresh,,2986166,Grab,,,,Major Ions,CS01;System Calculation;EMS Migration,,,,,,2016-05-06T00:00:00-08:00,,Total,ALS,,,,,,,,edt-water-november-26-2024v2-copy.xlsx
,E216924,Carbon Total Organic (fl. conc.),2016-05-05T10:45:00-08:00,2016-05-16T00:00:00-08:00,1,metre,LAB,11,mg/L,,,,Preliminary,Ungraded,Water - Fresh,,2986167,Grab,,,,Carbon,X067;TOC Analyzer;EMS Migration,,,0.5,,,2016-05-06T00:00:00-08:00,,Total,ALS,1,,,,,L1765467,,edt-water-november-26-2024v2-copy.xlsx
,E216924,Hardness Total (Total) (fl. conc.),2016-05-05T10:45:00-08:00,2016-05-16T00:00:00-08:00,1,metre,LAB,127.4886,mg/L,,,,Preliminary,Ungraded,Water - Fresh,,2986167,Grab,,,,Major Ions,CS01;System Calculation;EMS Migration,,,,,,2016-05-06T00:00:00-08:00,,Total,ALS,,,,,,,,edt-water-november-26-2024v2-copy.xlsx
,E216924,Extinction Depth (len.),2016-05-05T10:45:00-08:00,2016-05-11T00:00:00-08:00,1,metre,FIELD_RESULT,3.7,m,,,,Preliminary,Ungraded,Water - Fresh,,,Grab,,Field sampling,,,FLD;Field sampling;EMS Migration,,,0.1,,,2016-05-06T00:00:00-08:00,,,ALS,1,,,,,L1765467,,edt-water-november-26-2024v2-copy.xlsx
,1100844,Arsenic Total (fl. conc.),2016-02-16T10:50:00-08:00,2016-02-22T00:00:00-08:00,0,metre,LAB,0.000836,mg/L,,,,Preliminary,Ungraded,Water - Fresh,,2953470,Grab,,,,Metals - Total,"X561;Total metals: FA, HNO3, HR-ICPMS (No Prep)Prep);EMS Migration",,,0.00002,,,2016-02-17T00:00:00-08:00,,Total,ALS,1,,,,,L1735337,,edt-water-november-26-2024v2-copy.xlsx
,1100844,Phosphorus Ort.Dis-P (fl. conc.),2016-02-16T11:35:00-08:00,2016-02-17T00:00:00-08:00,17.5,metre,LAB,0.0265,mg/L,,,,Preliminary,Ungraded,Water - Fresh,,2953471,Grab,,,,Nutrients,1380;Auto.Ascorbic Acid;EMS Migration,,,0.001,,,2016-02-17T00:00:00-08:00,,,ALS,4,,,,,L1735337,,edt-water-november-26-2024v2-copy.xlsx
,1100844,Potassium Total (fl. conc.),2016-02-16T11:35:00-08:00,2016-02-22T00:00:00-08:00,17.5,metre,LAB,1.88,mg/L,,,,Preliminary,Ungraded,Water - Fresh,,2953471,Grab,,,,Metals - Total,"X561;Total metals: FA, HNO3, HR-ICPMS (No Prep)Prep);EMS Migration",,,0.005,,,2016-02-17T00:00:00-08:00,,Total,ALS,4,,,,,L1735337,,edt-water-november-26-2024v2-copy.xlsx
,E105973,Manganese Total (fl. conc.),2016-04-26T11:30:00-08:00,2016-05-05T00:00:00-08:00,12,metre,LAB,0.0246,mg/L,,,,Preliminary,Ungraded,Water - Fresh,,2988896,Grab,,,,Metals - Total,"X561;Total metals: FA, HNO3, HR-ICPMS (No Prep)Prep);EMS Migration",,,0.00005,,,2016-04-28T00:00:00-08:00,,Total,ALS,2,,,,,L1761457,,edt-water-november-26-2024v2-copy.xlsx
,E301590,Nitrogen - Nitrite Dissolved (NO2) (fl. conc.),2018-09-07T11:15:00-08:00,2018-09-10T00:00:00-08:00,14,metre,LAB,0.001,mg/L,,,,Preliminary,Ungraded,Water - Fresh,,3394740,Grab,,,,Nutrients,X044;Ion Chromatography;EMS Migration,NOT_DETECTED,,0.001,,,2018-09-08T12:03:00-08:00,,Dissolved,ALS,2,,,,,L2160883,,edt-water-november-26-2024v2-copy.xlsx
,E303250,Lead Total (fl. conc.),2019-08-23T15:00:00-08:00,2019-08-29T00:00:00-08:00,15,metre,LAB,0.0000263,mg/L,,,,Preliminary,Ungraded,Water - Fresh,,3435459,Grab,,,,Metals - Total,METT;MET-T-NP-BCMOE-MS-VA;EMS Migration,,,0.000005,,,2019-08-24T12:40:00-08:00,,Total,ALS,2,,,,,L2335411,,edt-water-november-26-2024v2-copy.xlsx
,E303250,Sulfate Dissolved (fl. conc.),2019-08-23T14:30:00-08:00,2019-08-29T00:00:00-08:00,1,metre,LAB,24.1,mg/L,,,,Preliminary,Ungraded,Water - Fresh,,3435460,Grab,,,,Major Ions,X044;Ion Chromatography;EMS Migration,,,0.3,,,2019-08-24T12:40:00-08:00,,Dissolved,ALS,1,,,,,L2335411,,edt-water-november-26-2024v2-copy.xlsx
,0400489,Uranium Total (fl. conc.),2019-08-12T11:00:00-08:00,2019-08-15T00:00:00-08:00,9,metre,LAB,0.000045,mg/L,,,,Preliminary,Ungraded,Water - Fresh,,3454374,Grab,,,,Metals - Total,"F082;Aliquot,HNO3/HCL dig,ICPMS;EMS Migration",,,0.00001,,,2019-08-13T12:20:00-08:00,,Total,ALS,2,,,,,L2328000,,edt-water-november-26-2024v2-copy.xlsx
,1130219,Carbon Total Organic (fl. conc.),2018-09-25T12:00:00-08:00,2018-10-11T00:00:00-08:00,1,metre,LAB,0.8,mg/L,,,,Preliminary,Ungraded,Water - Fresh,,3305046,Grab,,,,Carbon,X067;TOC Analyzer;EMS Migration,,,0.5,,,2018-09-28T08:40:00-08:00,,Total,ALS,1,,,,,L2172655,,edt-water-november-26-2024v2-copy.xlsx
,0603006,Nitrogen Kjel.Tot(N) (fl. conc.),2016-09-28T10:50:00-08:00,2016-10-05T00:00:00-08:00,0.5,metre,LAB,0.446,mg/L,,,,Preliminary,Ungraded,Water - Fresh,,3042110,Grab,,,,Nutrients,XCAL;Calculation (mg/L);EMS Migration,,,0.05,,,2016-09-29T00:00:00-08:00,,,ALS,1,,,,,L1836470,,edt-water-november-26-2024v2-copy.xlsx
,0603006,Sulfate Dissolved (fl. conc.),2016-09-28T11:05:00-08:00,2016-09-29T00:00:00-08:00,36,metre,LAB,10.9,mg/L,,,,Preliminary,Ungraded,Water - Fresh,,3042111,Grab,,,,Major Ions,X044;Ion Chromatography;EMS Migration,,,0.3,,,2016-09-29T00:00:00-08:00,,Dissolved,ALS,2,,,,,L1836470,,edt-water-november-26-2024v2-copy.xlsx
,0603006,Aluminum Total (fl. conc.),2016-09-28T11:05:00-08:00,2016-10-07T00:00:00-08:00,36,metre,LAB,0.00732,mg/L,,,,Preliminary,Ungraded,Water - Fresh,,3042111,Grab,,,,Metals - Total,"X561;Total metals: FA, HNO3, HR-ICPMS (No Prep)Prep);EMS Migration",,,0.0002,,,2016-09-29T00:00:00-08:00,,Total,ALS,2,,,,,L1836470,,edt-water-november-26-2024v2-copy.xlsx
,0603006,Strontium Total (fl. conc.),2016-09-28T11:05:00-08:00,2016-10-07T00:00:00-08:00,36,metre,LAB,0.128,mg/L,,,,Preliminary,Ungraded,Water - Fresh,,3042111,Grab,,,,Metals - Total,"X561;Total metals: FA, HNO3, HR-ICPMS (No Prep)Prep);EMS Migration",,,0.00005,,,2016-09-29T00:00:00-08:00,,Total,ALS,2,,,,,L1836470,,edt-water-november-26-2024v2-copy.xlsx
,0603006,Nitrogen Ammonia Total (fl. conc.),2016-09-28T11:20:00-08:00,2016-10-07T00:00:00-08:00,50,metre,LAB,0.029,mg/L,,,,Preliminary,Ungraded,Water - Fresh,,3042112,Grab,,,,Nutrients,CS01;System Calculation;EMS Migration,,,,,,2016-09-29T00:00:00-08:00,,Total,ALS,,,,Replicate,,,,edt-water-november-26-2024v2-copy.xlsx
,0200078,Hardness Total (Total) (fl. conc.),2016-09-26T10:45:00-08:00,2016-10-07T00:00:00-08:00,1,metre,LAB,32.47524,mg/L,,,,Preliminary,Ungraded,Water - Fresh,,3041532,Grab,,,,Major Ions,CS01;System Calculation;EMS Migration,,,,,,2016-09-27T00:00:00-08:00,,Total,ALS,,,,,,,,edt-water-november-26-2024v2-copy.xlsx
,0200078,Magnesium Total (fl. conc.),2016-09-26T11:00:00-08:00,2016-09-30T00:00:00-08:00,20,metre,LAB,1.63,mg/L,,,,Preliminary,Ungraded,Water - Fresh,,3041533,Grab,,,,Metals - Total,X170;ICP;EMS Migration,,,0.1,,,2016-09-27T00:00:00-08:00,,Total,ALS,3,,,,,L1834951,,edt-water-november-26-2024v2-copy.xlsx
,E228889,Magnesium Total (fl. conc.),2016-10-12T13:00:00-08:00,2016-10-24T00:00:00-08:00,0.5,metre,LAB,1.33,mg/L,,,,Preliminary,Ungraded,Water - Fresh,,3045958,Grab,,,,Metals - Total,"X561;Total metals: FA, HNO3, HR-ICPMS (No Prep)Prep);EMS Migration",,,0.01,,,2016-10-13T00:00:00-08:00,,Total,ALS,1,,,,,L1842909,,edt-water-november-26-2024v2-copy.xlsx
,E228889,Nickel Total (fl. conc.),2016-10-12T13:20:00-08:00,2016-10-24T00:00:00-08:00,72,metre,LAB,0.000268,mg/L,,,,Preliminary,Ungraded,Water - Fresh,,3045960,Grab,,,,Metals - Total,"X561;Total metals: FA, HNO3, HR-ICPMS (No Prep)Prep);EMS Migration",,,0.00005,,,2016-10-13T00:00:00-08:00,,Total,ALS,2,,,,,L1842909,,edt-water-november-26-2024v2-copy.xlsx
,0603017,Aluminum Total (fl. conc.),2016-08-29T10:10:00-08:00,2016-09-12T00:00:00-08:00,1,metre,LAB,0.00225,mg/L,,,,Preliminary,Ungraded,Water - Fresh,,3034570,Grab,,,,Metals - Total,"X561;Total metals: FA, HNO3, HR-ICPMS (No Prep)Prep);EMS Migration",,,0.0002,,,2016-08-30T00:00:00-08:00,,Total,ALS,1,,,,,L1821153,,edt-water-november-26-2024v2-copy.xlsx
,0603017,Phosphorus Total (fl. conc.),2016-08-29T10:10:00-08:00,2016-09-01T00:00:00-08:00,1,metre,LAB,0.0106,mg/L,,,,Preliminary,Ungraded,Water - Fresh,,3034570,Grab,,,,Nutrients,X307;Persulf/H2SO4 Dig:Col'm;EMS Migration,,,0.002,,,2016-08-30T00:00:00-08:00,,Total,ALS,1,,,,,L1821153,,edt-water-november-26-2024v2-copy.xlsx
,0603017,Sulfate Dissolved (fl. conc.),2016-08-29T10:25:00-08:00,2016-08-31T00:00:00-08:00,4,metre,LAB,18.2,mg/L,,,,Preliminary,Ungraded,Water - Fresh,,3034573,Grab,,,,Major Ions,X044;Ion Chromatography;EMS Migration,,,0.3,,,2016-08-30T00:00:00-08:00,,Dissolved,ALS,2,,,Replicate,,L1821153,,edt-water-november-26-2024v2-copy.xlsx
,0200078,Nitrate(NO3) + Nitrite(NO2) Dissolved (fl. conc.),2017-04-11T10:15:00-08:00,2017-04-18T00:00:00-08:00,20,metre,LAB,0.0032,mg/L,,,,Preliminary,Ungraded,Water - Fresh,,3122950,Grab,,,,Nutrients,X044;Ion Chromatography;EMS Migration,NOT_DETECTED,,0.0032,,,2017-04-12T00:00:00-08:00,,Dissolved,ALS,3,,,,,L1912526,,edt-water-november-26-2024v2-copy.xlsx
,0200078,Magnesium Total (fl. conc.),2017-04-11T10:15:00-08:00,2017-04-23T00:00:00-08:00,20,metre,LAB,1.66,mg/L,,,,Preliminary,Ungraded,Water - Fresh,,3122950,Grab,,,,Metals - Total,"F082;Aliquot,HNO3/HCL dig,ICPMS;EMS Migration",,,0.1,,,2017-04-12T00:00:00-08:00,,Total,ALS,3,,,,,L1912526,,edt-water-november-26-2024v2-copy.xlsx
,0400379,Beryllium Total (fl. conc.),2019-08-08T10:00:00-08:00,2019-08-13T00:00:00-08:00,8,metre,LAB,0.0001,mg/L,,,,Preliminary,Ungraded,Water - Fresh,,3431505,Grab,,,,Metals - Total,"F082;Aliquot,HNO3/HCL dig,ICPMS;EMS Migration",NOT_DETECTED,,0.0001,,,2019-08-12T08:50:00-08:00,,Total,ALS,2,,,,,L2326596,,edt-water-november-26-2024v2-copy.xlsx
,0400379,Bismuth Total (fl. conc.),2019-08-08T10:00:00-08:00,2019-08-13T00:00:00-08:00,1,metre,LAB,0.00005,mg/L,,,,Preliminary,Ungraded,Water - Fresh,,3431506,Grab,,,,Metals - Total,"F082;Aliquot,HNO3/HCL dig,ICPMS;EMS Migration",NOT_DETECTED,,0.00005,,,2019-08-12T08:50:00-08:00,,Total,ALS,1,,,,,L2326596,,edt-water-november-26-2024v2-copy.xlsx
,1100953,Phosphorus Ort.Dis-P (fl. conc.),2017-02-15T12:45:00-08:00,2017-02-17T00:00:00-08:00,0,metre,LAB,0.0053,mg/L,,,,Preliminary,Ungraded,Water - Fresh,,3639036,Grab,,,,Nutrients,1380;Auto.Ascorbic Acid;EMS Migration,,,0.001,,,2017-02-16T09:45:00-08:00,,,ALS,1,,,Replicate,,L1891639,,edt-water-november-26-2024v2-copy.xlsx
,1100953,Phosphorus Total (fl. conc.),2017-02-15T12:45:00-08:00,2017-02-17T00:00:00-08:00,0,metre,LAB,0.0365,mg/L,,,,Preliminary,Ungraded,Water - Fresh,,3639036,Grab,,,,Nutrients,139A;Dig.Auto AscorbicA;EMS Migration,,,0.002,,,2017-02-16T09:45:00-08:00,,Total,ALS,1,,,Replicate,,L1891639,,edt-water-november-26-2024v2-copy.xlsx
,1100953,Strontium Total (fl. conc.),2017-02-15T12:45:00-08:00,2017-02-22T00:00:00-08:00,0,metre,LAB,0.0705,mg/L,,,,Preliminary,Ungraded,Water - Fresh,,3639036,Grab,,,,Metals - Total,"X561;Total metals: FA, HNO3, HR-ICPMS (No Prep)Prep);EMS Migration",,,0.00005,,,2017-02-16T09:45:00-08:00,,Total,ALS,1,,,Replicate,,L1891639,,edt-water-november-26-2024v2-copy.xlsx
,1100953,Antimony Total (fl. conc.),2017-02-15T13:00:00-08:00,2017-02-22T00:00:00-08:00,1,metre,LAB,0.000065,mg/L,,,,Preliminary,Ungraded,Water - Fresh,,3639039,Grab,,,,Metals - Total,"X561;Total metals: FA, HNO3, HR-ICPMS (No Prep)Prep);EMS Migration",,,0.00002,,,2017-02-16T09:45:00-08:00,,Total,ALS,4,,,,,L1891639,,edt-water-november-26-2024v2-copy.xlsx
,1100953,Turbidity (turb.),2017-02-15T13:25:00-08:00,2017-02-17T00:00:00-08:00,16,metre,LAB,1.52,NTU,,,,Preliminary,Ungraded,Water - Fresh,,3639041,Grab,,,,Physical Properties,XM08;Nephelometer;EMS Migration,,,0.1,,,2017-02-16T09:45:00-08:00,,,ALS,3,,,Replicate,,L1891639,,edt-water-november-26-2024v2-copy.xlsx
,0200052,Turbidity (turb.),2022-04-20T10:50:00-08:00,2022-04-23T00:00:00-08:00,4.5,metre,LAB,0.74,NTU,,,,Preliminary,Ungraded,Water - Fresh,,3892966,Grab,,,,Physical Properties,XM08;Nephelometer;EMS Migration,,,0.1,,,2022-04-21T16:40:00-08:00,,,ALS,002,,,,,VA22A8412,,edt-water-november-26-2024v2-copy.xlsx
,1130218,Phosphorus Total (fl. conc.),2022-09-15T09:30:00-08:00,2022-09-19T00:00:00-08:00,30,metre,LAB,0.004,mg/L,,,,Preliminary,Ungraded,Water - Fresh,,3953664,Grab,,,,Nutrients,X257;Colorimetric;EMS Migration,,,0.002,,,2022-09-16T11:00:00-08:00,,Total,ALS,002,,,,,VA22C2291,,edt-water-november-26-2024v2-copy.xlsx
,1130218,Silicon Total (fl. conc.),2022-09-15T09:15:00-08:00,2022-09-21T00:00:00-08:00,1,metre,LAB,2.84,mg/L,,,,Preliminary,Ungraded,Water - Fresh,,3953665,Grab,,,,Metals - Total,METN;MET-T-NP-CCMS-VA;EMS Migration,,,0.05,,,2022-09-16T11:00:00-08:00,,Total,ALS,001,,,,,VA22C2291,,edt-water-november-26-2024v2-copy.xlsx
,E105973,Beryllium Total (fl. conc.),2020-09-02T13:00:00-08:00,2020-09-04T00:00:00-08:00,15,metre,LAB,0.00001,mg/L,,,,Preliminary,Ungraded,Water - Fresh,,3605250,Grab,,,,Metals - Total,METN;MET-T-NP-CCMS-VA;EMS Migration,NOT_DETECTED,,0.00001,,,2020-09-03T08:20:00-08:00,,Total,ALS,2,,,,,L2498322,,edt-water-november-26-2024v2-copy.xlsx
,0603071,Iron Total (fl. conc.),2023-05-16T09:30:00-08:00,2023-05-24T00:00:00-08:00,1,metre,LAB,0.0753,mg/L,,,,Preliminary,Ungraded,Water - Fresh,,4107518,Grab,,,,Metals - Total,METN;MET-T-NP-CCMS-VA;EMS Migration,,,0.001,,,2023-05-17T11:15:00-08:00,,Total,ALS,001,,,,,VA23B0900,,edt-water-november-26-2024v2-copy.xlsx
,0500846,Thallium Total (fl. conc.),2023-03-21T13:15:00-08:00,2023-03-29T00:00:00-08:00,25,metre,LAB,0.000002,mg/L,,,,Preliminary,Ungraded,Water - Fresh,,4068680,Grab,,,,Metals - Total,METT;MET-T-NP-BCMOE-MS-VA;EMS Migration,NOT_DETECTED,,0.000002,,,2023-03-22T11:00:00-08:00,,Total,ALS,002,,,,,VA23A6237,,edt-water-november-26-2024v2-copy.xlsx
,0603019,Bismuth Total (fl. conc.),2023-08-24T08:35:00-08:00,2023-08-28T00:00:00-08:00,12,metre,LAB,0.000005,mg/L,,,,Preliminary,Ungraded,Water - Fresh,,4162926,Grab,,,,Metals - Total,METN;MET-T-NP-CCMS-VA;EMS Migration,NOT_DETECTED,,0.000005,,,2023-08-25T23:00:00-08:00,,Total,ALS,002,,,,,VA23B9989,,edt-water-november-26-2024v2-copy.xlsx
,0603019,Silver Total (fl. conc.),2023-08-24T08:30:00-08:00,2023-08-28T00:00:00-08:00,1,metre,LAB,0.000005,mg/L,,,,Preliminary,Ungraded,Water - Fresh,,4162927,Grab,,,,Metals - Total,METN;MET-T-NP-CCMS-VA;EMS Migration,NOT_DETECTED,,0.000005,,,2023-08-25T23:00:00-08:00,,Total,ALS,001,,,,,VA23B9989,,edt-water-november-26-2024v2-copy.xlsx
,0603019,Nickel Total (fl. conc.),2023-08-24T08:30:00-08:00,2023-08-28T00:00:00-08:00,1,metre,LAB,0.00135,mg/L,,,,Preliminary,Ungraded,Water - Fresh,,4162927,Grab,,,,Metals - Total,METN;MET-T-NP-CCMS-VA;EMS Migration,,,0.00005,,,2023-08-25T23:00:00-08:00,,Total,ALS,001,,,,,VA23B9989,,edt-water-november-26-2024v2-copy.xlsx
,0603100,Sodium Total (fl. conc.),2016-04-20T10:45:00-08:00,2016-04-22T00:00:00-08:00,1,metre,LAB,10.6,mg/L,,,,Preliminary,Ungraded,Water - Fresh,,2983990,Grab,,,,Metals - Total,"X561;Total metals: FA, HNO3, HR-ICPMS (No Prep)Prep);EMS Migration",,,0.01,,,2016-04-21T00:00:00-08:00,,Total,ALS,1,,,,,L1758540,,edt-water-november-26-2024v2-copy.xlsx
,0603017,Potassium Dissolved (fl. conc.),2016-04-19T13:10:00-08:00,2016-04-21T00:00:00-08:00,7,metre,LAB,3.84,mg/L,,,,Preliminary,Ungraded,Water - Fresh,,2983727,Grab,,,,Metals - Dissolved,"X562;Dissolved metals: FF, FA, HNO3, HR-ICPMS;EMS Migration",,,0.005,,,2016-04-20T00:00:00-08:00,,Dissolved,ALS,3,,,,,L1758175,,edt-water-november-26-2024v2-copy.xlsx
,0603017,Magnesium Total (fl. conc.),2016-04-19T13:10:00-08:00,2016-04-21T00:00:00-08:00,7,metre,LAB,17.5,mg/L,,,,Preliminary,Ungraded,Water - Fresh,,2983727,Grab,,,,Metals - Total,"X561;Total metals: FA, HNO3, HR-ICPMS (No Prep)Prep);EMS Migration",,,0.01,,,2016-04-20T00:00:00-08:00,,Total,ALS,3,,,,,L1758175,,edt-water-november-26-2024v2-copy.xlsx
,0603017,Strontium Total (fl. conc.),2016-04-19T13:10:00-08:00,2016-04-21T00:00:00-08:00,7,metre,LAB,0.256,mg/L,,,,Preliminary,Ungraded,Water - Fresh,,2983727,Grab,,,,Metals - Total,"X561;Total metals: FA, HNO3, HR-ICPMS (No Prep)Prep);EMS Migration",,,0.00005,,,2016-04-20T00:00:00-08:00,,Total,ALS,3,,,,,L1758175,,edt-water-november-26-2024v2-copy.xlsx
,0603017,Uranium Total (fl. conc.),2016-04-19T13:05:00-08:00,2016-04-21T00:00:00-08:00,4,metre,LAB,0.000343,mg/L,,,,Preliminary,Ungraded,Water - Fresh,,2983728,Grab,,,,Metals - Total,"X561;Total metals: FA, HNO3, HR-ICPMS (No Prep)Prep);EMS Migration",,,0.000002,,,2016-04-20T00:00:00-08:00,,Total,ALS,2,,,Replicate,,L1758175,,edt-water-november-26-2024v2-copy.xlsx
,0400390,Silica Reactive Diss (fl. conc.),2019-05-29T09:00:00-08:00,2019-06-07T00:00:00-08:00,0.5,metre,LAB,3.35,mg/L,,,,Preliminary,Ungraded,Water - Fresh,,3455116,Grab,,,,Nutrients,X160;Auto Molybdate-Blue Col.(Ascorbic);EMS Migration,,,0.5,,,2019-05-29T10:55:00-08:00,,,ALS,1,,,,,L2281318,,edt-water-november-26-2024v2-copy.xlsx
,0400390,Magnesium Total (fl. conc.),2019-05-29T09:00:00-08:00,2019-05-31T00:00:00-08:00,8,metre,LAB,5.09,mg/L,,,,Preliminary,Ungraded,Water - Fresh,,3455118,Grab,,,,Metals - Total,"X561;Total metals: FA, HNO3, HR-ICPMS (No Prep)Prep);EMS Migration",,,0.01,,,2019-05-29T10:55:00-08:00,,Total,ALS,5,,,,,L2281318,,edt-water-november-26-2024v2-copy.xlsx
,0500246,Phosphorus Total (fl. conc.),2018-09-10T12:30:00-08:00,2018-09-12T00:00:00-08:00,1,metre,LAB,0.0047,mg/L,,,,Preliminary,Ungraded,Water - Fresh,,3293806,Grab,,,,Nutrients,X307;Persulf/H2SO4 Dig:Col'm;EMS Migration,,,0.002,,,2018-09-11T08:50:00-08:00,,Total,ALS,1,,,,,L2161835,,edt-water-november-26-2024v2-copy.xlsx
,0500454,Carbon Total Organic (fl. conc.),2019-08-28T13:00:00-08:00,2019-09-03T00:00:00-08:00,18,metre,LAB,4.72,mg/L,,,,Preliminary,Ungraded,Water - Fresh,,3441832,Grab,,,,Carbon,X067;TOC Analyzer;EMS Migration,,,0.5,,,2019-08-29T08:50:00-08:00,,Total,ALS,2,,,,,L2338204,,edt-water-november-26-2024v2-copy.xlsx
,0500454,Extinction Depth (len.),2019-08-28T12:45:00-08:00,2019-08-29T00:00:00-08:00,1,metre,FIELD_RESULT,11.8,m,,,,Preliminary,Ungraded,Water - Fresh,,,Grab,,Field sampling,,,FLD;Field sampling;EMS Migration,,,0.1,,,2019-08-29T08:50:00-08:00,,,ALS,1,,,,,L2338204,,edt-water-november-26-2024v2-copy.xlsx
,0500454,Copper Total (fl. conc.),2019-08-28T12:45:00-08:00,2019-09-06T00:00:00-08:00,1,metre,LAB,0.000714,mg/L,,,,Preliminary,Ungraded,Water - Fresh,,3441833,Grab,,,,Metals - Total,METN;MET-T-NP-CCMS-VA;EMS Migration,,,0.00005,,,2019-08-29T08:50:00-08:00,,Total,ALS,1,,,,,L2338204,,edt-water-november-26-2024v2-copy.xlsx
,0500454,Potassium Total (fl. conc.),2019-08-28T12:45:00-08:00,2019-09-06T00:00:00-08:00,1,metre,LAB,2.47,mg/L,,,,Preliminary,Ungraded,Water - Fresh,,3441833,Grab,,,,Metals - Total,METN;MET-T-NP-CCMS-VA;EMS Migration,,,0.02,,,2019-08-29T08:50:00-08:00,,Total,ALS,1,,,,,L2338204,,edt-water-november-26-2024v2-copy.xlsx
,0500454,Nickel Total (fl. conc.),2019-08-28T12:45:00-08:00,2019-09-06T00:00:00-08:00,1,metre,LAB,0.000362,mg/L,,,,Preliminary,Ungraded,Water - Fresh,,3441833,Grab,,,,Metals - Total,METN;MET-T-NP-CCMS-VA;EMS Migration,,,0.00005,,,2019-08-29T08:50:00-08:00,,Total,ALS,1,,,,,L2338204,,edt-water-november-26-2024v2-copy.xlsx
,0400379,Hardness (Dissolved) (as CaCO3) (fl. conc.),2016-08-29T16:00:00-08:00,2016-09-15T00:00:00-08:00,1,metre,LAB,51.1,mg/L,,,,Preliminary,Ungraded,Water - Fresh,,3300220,Grab,,,,Major Ions,XCAL;Calculation (mg/L);EMS Migration,,,0.5,,,2016-08-31T12:18:00-08:00,,Dissolved,ALS,1,,,,,L1822259,,edt-water-november-26-2024v2-copy.xlsx
,0400379,Nitrate(NO3) + Nitrite(NO2) Dissolved (fl. conc.),2016-08-29T16:00:00-08:00,2016-09-09T00:00:00-08:00,1,metre,LAB,0.0033,mg/L,,,,Preliminary,Ungraded,Water - Fresh,,3300220,Grab,,,,Nutrients,X044;Ion Chromatography;EMS Migration,,,0.0032,,,2016-08-31T12:18:00-08:00,,Dissolved,ALS,1,,,,,L1822259,,edt-water-november-26-2024v2-copy.xlsx
,0400379,Hardness Total (Total) (fl. conc.),2016-08-29T16:00:00-08:00,2016-09-09T00:00:00-08:00,1,metre,LAB,51.11292,mg/L,,,,Preliminary,Ungraded,Water - Fresh,,3300220,Grab,,,,Major Ions,CS01;System Calculation;EMS Migration,,,,,,2016-08-31T12:18:00-08:00,,Total,ALS,,,,,,,,edt-water-november-26-2024v2-copy.xlsx
,0400390,Sulfate Dissolved (fl. conc.),2019-08-15T09:15:00-08:00,2019-08-21T00:00:00-08:00,8,metre,LAB,6.43,mg/L,,,,Preliminary,Ungraded,Water - Fresh,,3434121,Grab,,,,Major Ions,X044;Ion Chromatography;EMS Migration,,,0.3,,,2019-08-20T08:42:00-08:00,,Dissolved,ALS,2,,,,,L2331788,,edt-water-november-26-2024v2-copy.xlsx
,0400390,Nickel Total (fl. conc.),2019-08-15T09:15:00-08:00,2019-08-20T00:00:00-08:00,0,metre,LAB,0.00118,mg/L,,,,Preliminary,Ungraded,Water - Fresh,,3434122,Grab,,,,Metals - Total,"F082;Aliquot,HNO3/HCL dig,ICPMS;EMS Migration",,,0.0005,,,2019-08-20T08:42:00-08:00,,Total,ALS,1,,,,,L2331788,,edt-water-november-26-2024v2-copy.xlsx
,0400390,Thallium Total (fl. conc.),2019-08-15T09:15:00-08:00,2019-08-20T00:00:00-08:00,0,metre,LAB,0.000002,mg/L,,,,Preliminary,Ungraded,Water - Fresh,,3434122,Grab,,,,Metals - Total,"F082;Aliquot,HNO3/HCL dig,ICPMS;EMS Migration",NOT_DETECTED,,0.00001,,,2019-08-20T08:42:00-08:00,,Total,ALS,1,,,,,L2331788,,edt-water-november-26-2024v2-copy.xlsx
,0500248,Manganese Total (fl. conc.),2019-04-01T12:00:00-08:00,2019-04-10T00:00:00-08:00,16,metre,LAB,0.0812,mg/L,,,,Preliminary,Ungraded,Water - Fresh,,3373197,Grab,,,,Metals - Total,"X561;Total metals: FA, HNO3, HR-ICPMS (No Prep)Prep);EMS Migration",,,0.00005,,,2019-04-02T11:33:00-08:00,,Total,ALS,2,,,,,L2252228,,edt-water-november-26-2024v2-copy.xlsx
,E105973,Magnesium Total (fl. conc.),2019-05-15T11:45:00-08:00,2019-05-21T00:00:00-08:00,15,metre,LAB,3.01,mg/L,,,,Preliminary,Ungraded,Water - Fresh,,3396788,Grab,,,,Metals - Total,"X561;Total metals: FA, HNO3, HR-ICPMS (No Prep)Prep);EMS Migration",,,0.01,,,2019-05-16T08:40:00-08:00,,Total,ALS,2,,,,,L2274403,,edt-water-november-26-2024v2-copy.xlsx
,0500615,Hardness (Dissolved) (as CaCO3) (fl. conc.),2019-08-27T09:30:00-08:00,2019-09-04T00:00:00-08:00,1,metre,LAB,120,mg/L,,,,Preliminary,Ungraded,Water - Fresh,,3435744,Grab,,,,Major Ions,XCAL;Calculation (mg/L);EMS Migration,,,0.5,,,2019-08-28T13:00:00-08:00,,Dissolved,ALS,1,,,,,L2337888,,edt-water-november-26-2024v2-copy.xlsx
,0500615,Potassium Total (fl. conc.),2019-08-27T09:45:00-08:00,2019-09-04T00:00:00-08:00,13,metre,LAB,2.58,mg/L,,,,Preliminary,Ungraded,Water - Fresh,,3435663,Grab,,,,Metals - Total,METN;MET-T-NP-CCMS-VA;EMS Migration,,,0.02,,,2019-08-28T13:00:00-08:00,,Total,ALS,2,,,,,L2337888,,edt-water-november-26-2024v2-copy.xlsx
,0500728,Iron Total (fl. conc.),2019-09-19T09:45:00-08:00,2019-09-25T00:00:00-08:00,17,metre,LAB,0.0182,mg/L,,,,Preliminary,Ungraded,Water - Fresh,,3449807,Grab,,,,Metals - Total,METN;MET-T-NP-CCMS-VA;EMS Migration,,,0.001,,,2019-09-20T12:05:00-08:00,,Total,ALS,2,,,,,L2351407,,edt-water-november-26-2024v2-copy.xlsx
,0500728,Uranium Total (fl. conc.),2019-09-19T09:45:00-08:00,2019-09-25T00:00:00-08:00,17,metre,LAB,0.00252,mg/L,,,,Preliminary,Ungraded,Water - Fresh,,3449807,Grab,,,,Metals - Total,METN;MET-T-NP-CCMS-VA;EMS Migration,,,0.000002,,,2019-09-20T12:05:00-08:00,,Total,ALS,2,,,,,L2351407,,edt-water-november-26-2024v2-copy.xlsx
,0500728,Chlorophyll A (fl. conc.),2019-09-19T09:30:00-08:00,2019-09-25T00:00:00-08:00,1,metre,LAB,0.00414,mg/L,,,,Preliminary,Ungraded,Water - Fresh,,3449808,Grab,,,,Biological Examination,X454;Fluorimetric: Extraction;EMS Migration,,,0.00001,,,2019-09-20T12:05:00-08:00,,,ALS,1,,,,,L2351407,,edt-water-november-26-2024v2-copy.xlsx
,E223304,Aluminum Total (fl. conc.),2019-05-02T09:40:00-08:00,2019-05-06T00:00:00-08:00,9,metre,LAB,0.159,mg/L,,,,Preliminary,Ungraded,Water - Fresh,,3391487,Grab,,,,Metals - Total,"X561;Total metals: FA, HNO3, HR-ICPMS (No Prep)Prep);EMS Migration",,,0.0002,,,2019-05-03T11:25:00-08:00,,Total,ALS,2,,,,,L2267340,,edt-water-november-26-2024v2-copy.xlsx
,E223304,Bismuth Total (fl. conc.),2019-05-02T09:40:00-08:00,2019-05-06T00:00:00-08:00,9,metre,LAB,0.000005,mg/L,,,,Preliminary,Ungraded,Water - Fresh,,3391487,Grab,,,,Metals - Total,"X561;Total metals: FA, HNO3, HR-ICPMS (No Prep)Prep);EMS Migration",NOT_DETECTED,,0.000005,,,2019-05-03T11:25:00-08:00,,Total,ALS,2,,,,,L2267340,,edt-water-november-26-2024v2-copy.xlsx
,1100953,Nitrate(NO3) + Nitrite(NO2) Dissolved (fl. conc.),2020-03-05T09:30:00-08:00,2020-03-10T00:00:00-08:00,8,metre,LAB,0.357,mg/L,,,,Preliminary,Ungraded,Water - Fresh,,3516624,Grab,,,,Nutrients,X044;Ion Chromatography;EMS Migration,,,0.0032,,,2020-03-06T08:30:00-08:00,,Dissolved,ALS,2,,,,,L2425107,,edt-water-november-26-2024v2-copy.xlsx
,1100953,Arsenic Total (fl. conc.),2020-03-05T10:00:00-08:00,2020-03-10T00:00:00-08:00,1,metre,LAB,0.0003,mg/L,,,,Preliminary,Ungraded,Water - Fresh,,3516625,Grab,,,,Metals - Total,METN;MET-T-NP-CCMS-VA;EMS Migration,,,0.00002,,,2020-03-06T08:30:00-08:00,,Total,ALS,1,,,,,L2425107,,edt-water-november-26-2024v2-copy.xlsx
,1100953,Barium Total (fl. conc.),2020-03-05T10:00:00-08:00,2020-03-10T00:00:00-08:00,1,metre,LAB,0.00727,mg/L,,,,Preliminary,Ungraded,Water - Fresh,,3516625,Grab,,,,Metals - Total,METN;MET-T-NP-CCMS-VA;EMS Migration,,,0.00002,,,2020-03-06T08:30:00-08:00,,Total,ALS,1,,,,,L2425107,,edt-water-november-26-2024v2-copy.xlsx
,1100953,Temperature-Field (temp.),2020-03-05T10:00:00-08:00,2020-03-09T00:00:00-08:00,1,metre,FIELD_RESULT,6.59,degC,,,,Preliminary,Ungraded,Water - Fresh,,,Grab,,Field sampling,,,FLD;Field sampling;EMS Migration,,,-50,,,2020-03-06T08:30:00-08:00,,,ALS,1,,,,,L2425107,,edt-water-november-26-2024v2-copy.xlsx
,1100953,Silica Reactive Diss (fl. conc.),2020-03-05T10:00:00-08:00,2020-03-08T00:00:00-08:00,1,metre,LAB,2.58,mg/L,,,,Preliminary,Ungraded,Water - Fresh,,3516625,Grab,,,,Nutrients,X160;Auto Molybdate-Blue Col.(Ascorbic);EMS Migration,,,0.5,,,2020-03-06T08:30:00-08:00,,,ALS,1,,,,,L2425107,,edt-water-november-26-2024v2-copy.xlsx
,1100953,Hardness Total (Total) (fl. conc.),2021-08-24T10:00:00-08:00,2021-09-01T00:00:00-08:00,8,metre,LAB,106,mg/L,,,,Preliminary,Ungraded,Water - Fresh,,3768729,Grab,,,,Major Ions,XCAL;Calculation (mg/L);EMS Migration,,,0.5,,,2021-08-25T12:00:00-08:00,,Total,ALS,002,,,,,VA21B8081,,edt-water-november-26-2024v2-copy.xlsx
,E275784,Phosphorus Ort.Dis-P (fl. conc.),2021-09-01T10:00:00-08:00,2021-09-02T00:00:00-08:00,11,metre,LAB,0.001,mg/L,,,,Preliminary,Ungraded,Water - Fresh,,3769956,Grab,,,,Nutrients,1420;Auto. Ascorbic - L Level;EMS Migration,NOT_DETECTED,,0.001,,,2021-09-01T13:20:00-08:00,,,ALS,002,,,,,VA21B8812,,edt-water-november-26-2024v2-copy.xlsx
,E275784,Silver Total (fl. conc.),2021-09-01T10:00:00-08:00,2021-09-06T00:00:00-08:00,11,metre,LAB,0.000005,mg/L,,,,Preliminary,Ungraded,Water - Fresh,,3769956,Grab,,,,Metals - Total,METN;MET-T-NP-CCMS-VA;EMS Migration,NOT_DETECTED,,0.000005,,,2021-09-01T13:20:00-08:00,,Total,ALS,002,,,,,VA21B8812,,edt-water-november-26-2024v2-copy.xlsx
,0400336,Sodium Total (fl. conc.),2017-05-08T10:31:00-08:00,2017-05-17T00:00:00-08:00,1,metre,LAB,3.97,mg/L,,,,Preliminary,Ungraded,Water - Fresh,,3645245,Grab,,,,Metals - Total,"X561;Total metals: FA, HNO3, HR-ICPMS (No Prep)Prep);EMS Migration",,,0.01,,,2017-05-09T09:30:00-08:00,,Total,ALS,2,,,Replicate,,L1923679,,edt-water-november-26-2024v2-copy.xlsx
,0400336,Total Nitrogen NO2 + NO3 (fl. conc.),2017-05-08T10:31:00-08:00,2017-05-17T00:00:00-08:00,1,metre,LAB,0,mg/L,,,,Preliminary,Ungraded,Water - Fresh,,3645245,Grab,,,,Nutrients,CS01;System Calculation;EMS Migration,,,,,,2017-05-09T09:30:00-08:00,,Total,ALS,,,,Replicate,,,,edt-water-november-26-2024v2-copy.xlsx
,E223304,Aluminum Total (fl. conc.),2020-08-13T10:15:00-08:00,2020-08-19T00:00:00-08:00,1,metre,LAB,0.173,mg/L,,,,Preliminary,Ungraded,Water - Fresh,,3597629,Grab,,,,Metals - Total,METT;MET-T-NP-BCMOE-MS-VA;EMS Migration,,,0.0005,,,2020-08-15T11:05:00-08:00,,Total,ALS,1,,,,,L2489303,,edt-water-november-26-2024v2-copy.xlsx
,0500236,Boron Total (fl. conc.),2021-09-08T11:00:00-08:00,2021-09-15T00:00:00-08:00,20,metre,LAB,0.0097,mg/L,,,,Preliminary,Ungraded,Water - Fresh,,3771144,Grab,,,,Metals - Total,METN;MET-T-NP-CCMS-VA;EMS Migration,,,0.005,,,2021-09-09T11:45:00-08:00,,Total,ALS,002,,,,,VA21B9536,,edt-water-november-26-2024v2-copy.xlsx
,0500236,Vanadium Total (fl. conc.),2021-09-08T11:00:00-08:00,2021-09-15T00:00:00-08:00,20,metre,LAB,0.000736,mg/L,,,,Preliminary,Ungraded,Water - Fresh,,3771144,Grab,,,,Metals - Total,METN;MET-T-NP-CCMS-VA;EMS Migration,,,0.0002,,,2021-09-09T11:45:00-08:00,,Total,ALS,002,,,,,VA21B9536,,edt-water-november-26-2024v2-copy.xlsx
,0500236,Manganese Total (fl. conc.),2021-09-08T10:45:00-08:00,2021-09-15T00:00:00-08:00,1,metre,LAB,0.000965,mg/L,,,,Preliminary,Ungraded,Water - Fresh,,3771145,Grab,,,,Metals - Total,METN;MET-T-NP-CCMS-VA;EMS Migration,,,0.00005,,,2021-09-09T11:45:00-08:00,,Total,ALS,001,,,,,VA21B9536,,edt-water-november-26-2024v2-copy.xlsx
,1131007,Phosphorus Ort.Dis-P (fl. conc.),2021-04-28T09:20:00-08:00,2021-05-01T00:00:00-08:00,8,metre,LAB,0.0014,mg/L,,,,Preliminary,Ungraded,Water - Fresh,,3713746,Grab,,,,Nutrients,1420;Auto. Ascorbic - L Level;EMS Migration,,,0.001,,,2021-04-30T11:55:00-08:00,,,ALS,002,,,,,VA21A8199,,edt-water-november-26-2024v2-copy.xlsx
,1131007,Beryllium Total (fl. conc.),2021-04-28T09:20:00-08:00,2021-05-03T00:00:00-08:00,8,metre,LAB,0.00001,mg/L,,,,Preliminary,Ungraded,Water - Fresh,,3713746,Grab,,,,Metals - Total,METN;MET-T-NP-CCMS-VA;EMS Migration,NOT_DETECTED,,0.00001,,,2021-04-30T11:55:00-08:00,,Total,ALS,002,,,,,VA21A8199,,edt-water-november-26-2024v2-copy.xlsx
,1131007,Dissolved Oxygen-Field (fl. conc.),2021-04-28T09:10:00-08:00,2021-05-05T00:00:00-08:00,1,metre,FIELD_RESULT,9.05,mg/L,,,,Preliminary,Ungraded,Water - Fresh,,,Grab,,Field sampling,,,FLD;Field sampling;EMS Migration,,,0.01,,,2021-04-30T11:55:00-08:00,,Dissolved,ALS,001,,,,,VA21A8199,,edt-water-november-26-2024v2-copy.xlsx
,1131007,pH-Field (acidity),2021-04-28T09:10:00-08:00,2021-05-05T00:00:00-08:00,1,metre,FIELD_RESULT,7.1,pH units,,,,Preliminary,Ungraded,Water - Fresh,,,Grab,,Field sampling,,,FLD;Field sampling;EMS Migration,,,0.1,,,2021-04-30T11:55:00-08:00,,,ALS,001,,,,,VA21A8199,,edt-water-november-26-2024v2-copy.xlsx
,0200434,Nickel Total (fl. conc.),2020-08-17T14:40:00-08:00,2020-08-24T00:00:00-08:00,3.5,metre,LAB,0.00008,mg/L,,,,Preliminary,Ungraded,Water - Fresh,,3601327,Grab,,,,Metals - Total,METN;MET-T-NP-CCMS-VA;EMS Migration,,,0.00005,,,2020-08-20T12:05:00-08:00,,Total,ALS,2,,,,,L2491909,,edt-water-november-26-2024v2-copy.xlsx
,0200434,Calcium Total (fl. conc.),2020-08-17T14:30:00-08:00,2020-08-24T00:00:00-08:00,1,metre,LAB,29,mg/L,,,,Preliminary,Ungraded,Water - Fresh,,3601328,Grab,,,,Metals - Total,METN;MET-T-NP-CCMS-VA;EMS Migration,,,0.01,,,2020-08-20T12:05:00-08:00,,Total,ALS,1,,,,,L2491909,,edt-water-november-26-2024v2-copy.xlsx
,0200434,Phosphorus Total Dissolved (fl. conc.),2020-08-17T14:30:00-08:00,2020-08-25T00:00:00-08:00,1,metre,LAB,0.0026,mg/L,,,,Preliminary,Ungraded,Water - Fresh,,3601328,Grab,,,,Metals - Dissolved,"F122;Persulfate Dig,Col'm;EMS Migration",,,0.002,,,2020-08-20T12:05:00-08:00,,Dissolved,ALS,1,,,,,L2491909,,edt-water-november-26-2024v2-copy.xlsx
,E217507,Bismuth Total (fl. conc.),2021-08-18T14:00:00-08:00,2021-08-24T00:00:00-08:00,20,metre,LAB,0.000005,mg/L,,,,Preliminary,Ungraded,Water - Fresh,,3767264,Grab,,,,Metals - Total,METN;MET-T-NP-CCMS-VA;EMS Migration,NOT_DETECTED,,0.000005,,,2021-08-19T12:00:00-08:00,,Total,ALS,002,,,,,VA21B7587,,edt-water-november-26-2024v2-copy.xlsx
,1131186,Zinc Total (fl. conc.),2022-08-10T13:19:00-08:00,2022-08-18T00:00:00-08:00,12,metre,LAB,0.00044,mg/L,,,,Preliminary,Ungraded,Water - Fresh,,3943954,Grab,,,,Metals - Total,METT;MET-T-NP-BCMOE-MS-VA;EMS Migration,,,0.0002,,,2022-08-11T13:00:00-08:00,,Total,ALS,002,,,,,VA22B8728,,edt-water-november-26-2024v2-copy.xlsx
,1132490,Boron Total (fl. conc.),2022-03-29T10:30:00-08:00,2022-04-02T00:00:00-08:00,10,metre,LAB,0.005,mg/L,,,,Preliminary,Ungraded,Water - Fresh,,3864243,Grab,,,,Metals - Total,METN;MET-T-NP-CCMS-VA;EMS Migration,NOT_DETECTED,,0.005,,,2022-03-29T13:00:00-08:00,,Total,ALS,002,,,,,VA22A6502,,edt-water-november-26-2024v2-copy.xlsx
,1132490,Total Nitrogen NO2 + NO3 (fl. conc.),2022-03-29T11:00:00-08:00,2022-04-02T00:00:00-08:00,1,metre,LAB,0.02,mg/L,,,,Preliminary,Ungraded,Water - Fresh,,3864244,Grab,,,,Nutrients,CS01;System Calculation;EMS Migration,NOT_DETECTED,,,,,2022-03-29T13:00:00-08:00,,Total,ALS,,,,,,,,edt-water-november-26-2024v2-copy.xlsx
,0603097,Carbon Dissolved Organic (fl. conc.),2022-05-03T10:45:00-08:00,2022-05-08T00:00:00-08:00,8,metre,LAB,14.2,mg/L,,,,Preliminary,Ungraded,Water - Fresh,,3895469,Grab,,,,Carbon,X067;TOC Analyzer;EMS Migration,,,0.5,,,2022-05-04T12:15:00-08:00,,Dissolved,ALS,002,,,,,VA22A9453,,edt-water-november-26-2024v2-copy.xlsx
,0603097,Silica Reactive Diss (fl. conc.),2022-05-03T10:45:00-08:00,2022-05-05T00:00:00-08:00,8,metre,LAB,16.7,mg/L,,,,Preliminary,Ungraded,Water - Fresh,,3895469,Grab,,,,Nutrients,X160;Auto Molybdate-Blue Col.(Ascorbic);EMS Migration,,,0.5,,,2022-05-04T12:15:00-08:00,,,ALS,002,,,,,VA22A9453,,edt-water-november-26-2024v2-copy.xlsx
,E215758,Potassium Total (fl. conc.),2020-09-14T10:45:00-08:00,2020-09-22T00:00:00-08:00,12,metre,LAB,0.728,mg/L,,,,Preliminary,Ungraded,Water - Fresh,,3851306,Grab,,,,Metals - Total,METN;MET-T-NP-CCMS-VA;EMS Migration,,,0.02,,,2020-09-15T14:05:00-08:00,,Total,ALS,2,,,,,L2503347,,edt-water-november-26-2024v2-copy.xlsx
,E215758,Calcium Total (fl. conc.),2020-09-14T10:30:00-08:00,2020-09-22T00:00:00-08:00,1,metre,LAB,10.4,mg/L,,,,Preliminary,Ungraded,Water - Fresh,,3851307,Grab,,,,Metals - Total,METN;MET-T-NP-CCMS-VA;EMS Migration,,,0.01,,,2020-09-15T14:05:00-08:00,,Total,ALS,1,,,,,L2503347,,edt-water-november-26-2024v2-copy.xlsx
,E215758,Sodium Total (fl. conc.),2020-09-14T10:30:00-08:00,2020-09-22T00:00:00-08:00,1,metre,LAB,2.42,mg/L,,,,Preliminary,Ungraded,Water - Fresh,,3851307,Grab,,,,Metals - Total,METN;MET-T-NP-CCMS-VA;EMS Migration,,,0.02,,,2020-09-15T14:05:00-08:00,,Total,ALS,1,,,,,L2503347,,edt-water-november-26-2024v2-copy.xlsx
,0200052,Iron Total (fl. conc.),2020-08-17T11:30:00-08:00,2020-08-24T00:00:00-08:00,4.5,metre,LAB,0.0144,mg/L,,,,Preliminary,Ungraded,Water - Fresh,,3601914,Grab,,,,Metals - Total,METN;MET-T-NP-CCMS-VA;EMS Migration,,,0.001,,,2020-08-20T12:05:00-08:00,,Total,ALS,2,,,,,L2491910,,edt-water-november-26-2024v2-copy.xlsx
,0200052,Thallium Total (fl. conc.),2020-08-17T11:30:00-08:00,2020-08-24T00:00:00-08:00,4.5,metre,LAB,0.000002,mg/L,,,,Preliminary,Ungraded,Water - Fresh,,3601914,Grab,,,,Metals - Total,METT;MET-T-NP-BCMOE-MS-VA;EMS Migration,NOT_DETECTED,,0.000002,,,2020-08-20T12:05:00-08:00,,Total,ALS,2,,,,,L2491910,,edt-water-november-26-2024v2-copy.xlsx
,0603019,Carbon Dissolved Organic (fl. conc.),2023-05-02T09:45:00-08:00,2023-05-08T00:00:00-08:00,9,metre,LAB,12.5,mg/L,,,,Preliminary,Ungraded,Water - Fresh,,4102050,Grab,,,,Carbon,X067;TOC Analyzer;EMS Migration,,,0.5,,,2023-05-04T13:00:00-08:00,,Dissolved,ALS,002,,,,,VA23A9749,,edt-water-november-26-2024v2-copy.xlsx
,0603019,Nitrogen Total (fl. conc.),2023-05-02T09:30:00-08:00,2023-05-10T00:00:00-08:00,1,metre,LAB,0.95,mg/L,,,,Preliminary,Ungraded,Water - Fresh,,4102051,Grab,,,,Nutrients,"F005;K/Persulphate Dig,Red'n,Col'm;EMS Migration",,,0.03,,,2023-05-04T13:00:00-08:00,,Total,ALS,001,,,,,VA23A9749,,edt-water-november-26-2024v2-copy.xlsx
,0603019,Sulfate Dissolved (fl. conc.),2023-05-02T09:30:00-08:00,2023-05-05T00:00:00-08:00,1,metre,LAB,12.3,mg/L,,,,Preliminary,Ungraded,Water - Fresh,,4102051,Grab,,,,Major Ions,X044;Ion Chromatography;EMS Migration,,,0.3,,,2023-05-04T13:00:00-08:00,,Dissolved,ALS,001,,,,,VA23A9749,,edt-water-november-26-2024v2-copy.xlsx
,0200078,Silver Total (fl. conc.),2023-04-13T11:15:00-08:00,2023-04-19T00:00:00-08:00,15,metre,LAB,0.000005,mg/L,,,,Preliminary,Ungraded,Water - Fresh,,4073558,Grab,,,,Metals - Total,METN;MET-T-NP-CCMS-VA;EMS Migration,NOT_DETECTED,,0.000005,,,2023-04-14T11:45:00-08:00,,Total,ALS,002,,,,,VA23A8148,,edt-water-november-26-2024v2-copy.xlsx
,0400489,Nitrate (NO3) Dissolved (fl. conc.),2016-04-13T12:40:00-08:00,2016-04-19T00:00:00-08:00,0,metre,LAB,0.0292,mg/L,,,,Preliminary,Ungraded,Water - Fresh,,2991509,Grab,,,,Nutrients,X044;Ion Chromatography;EMS Migration,,,0.003,,,2016-04-14T00:00:00-08:00,,Dissolved,ALS,1,,,,,L1755804,,edt-water-november-26-2024v2-copy.xlsx
,E301591,Phosphorus Total Dissolved (fl. conc.),2016-04-06T11:15:00-08:00,2016-04-08T00:00:00-08:00,1,metre,LAB,0.002,mg/L,,,,Preliminary,Ungraded,Water - Fresh,,2983692,Grab,,,,Metals - Dissolved,"F122;Persulfate Dig,Col'm;EMS Migration",NOT_DETECTED,,0.002,,,2016-04-07T00:00:00-08:00,,Dissolved,ALS,1,,,,,L1753233,,edt-water-november-26-2024v2-copy.xlsx
,0500461,Lithium Total (fl. conc.),2016-03-22T09:15:00-08:00,2016-04-01T00:00:00-08:00,1,metre,LAB,0.0073,mg/L,,,,Preliminary,Ungraded,Water - Fresh,,2960551,Grab,,,,Metals - Total,"X561;Total metals: FA, HNO3, HR-ICPMS (No Prep)Prep);EMS Migration",,,0.0005,,,2016-03-23T00:00:00-08:00,,Total,ALS,1,,,,,L1748152,,edt-water-november-26-2024v2-copy.xlsx
,0500461,Molybdenum Total (fl. conc.),2016-03-22T09:15:00-08:00,2016-04-01T00:00:00-08:00,1,metre,LAB,0.00489,mg/L,,,,Preliminary,Ungraded,Water - Fresh,,2960551,Grab,,,,Metals - Total,"X561;Total metals: FA, HNO3, HR-ICPMS (No Prep)Prep);EMS Migration",,,0.00005,,,2016-03-23T00:00:00-08:00,,Total,ALS,1,,,,,L1748152,,edt-water-november-26-2024v2-copy.xlsx
,0500461,Specific Conductivity-Field (elec. cond.),2016-03-22T09:15:00-08:00,2016-03-28T00:00:00-08:00,1,metre,FIELD_RESULT,399.8,ÂµS/cm,,,,Preliminary,Ungraded,Water - Fresh,,,Grab,,Field sampling,,,FLD;Field sampling;EMS Migration,,,2,,,2016-03-23T00:00:00-08:00,,,ALS,1,,,,,L1748152,,edt-water-november-26-2024v2-copy.xlsx
,0500461,Dissolved Oxygen-Field (fl. conc.),2016-03-22T09:15:00-08:00,2016-03-28T00:00:00-08:00,1,metre,FIELD_RESULT,12.28,mg/L,,,,Preliminary,Ungraded,Water - Fresh,,,Grab,,DO Meter,,,XM01;DO Meter;EMS Migration,,,0.01,,,2016-03-23T00:00:00-08:00,,Dissolved,ALS,2,,,Replicate,,L1748152,,edt-water-november-26-2024v2-copy.xlsx
,E223304,Temperature-Field (temp.),2016-08-17T12:00:00-08:00,2016-08-30T00:00:00-08:00,1,metre,FIELD_RESULT,20.5,degC,,,,Preliminary,Ungraded,Water - Fresh,,,Grab,,Field sampling,,,FLD;Field sampling;EMS Migration,,,-50,,,2016-08-18T00:00:00-08:00,,,ALS,3,,,,,L1815917,,edt-water-november-26-2024v2-copy.xlsx
,E207907,Hardness (Dissolved) (as CaCO3) (fl. conc.),2019-09-11T13:00:00-08:00,2019-11-04T00:00:00-08:00,18,metre,LAB,98.2,mg/L,,,,Preliminary,Ungraded,Water - Fresh,,3468344,Grab,,,,Major Ions,XCAL;Calculation (mg/L);EMS Migration,,,0.5,,,2019-09-11T17:05:00-08:00,,Dissolved,ALS,2,,,,,L2345708,,edt-water-november-26-2024v2-copy.xlsx
,E207907,Phosphorus Ort.Dis-P (fl. conc.),2019-09-11T13:00:00-08:00,2019-09-13T00:00:00-08:00,1,metre,LAB,0.001,mg/L,,,,Preliminary,Ungraded,Water - Fresh,,3468345,Grab,,,,Nutrients,1380;Auto.Ascorbic Acid;EMS Migration,NOT_DETECTED,,0.001,,,2019-09-11T17:05:00-08:00,,,ALS,1,,,,,L2345708,,edt-water-november-26-2024v2-copy.xlsx
,0400489,Sodium Total (fl. conc.),2017-05-09T00:00:00-08:00,2017-05-17T00:00:00-08:00,14.5,metre,LAB,3.09,mg/L,,,,Preliminary,Ungraded,Water - Fresh,,3128977,Grab,,,,Metals - Total,"X561;Total metals: FA, HNO3, HR-ICPMS (No Prep)Prep);EMS Migration",,,0.01,,,2017-05-10T00:00:00-08:00,,Total,ALS,2,,,,,L1924234,,edt-water-november-26-2024v2-copy.xlsx
,0500846,Phosphorus Ort.Dis-P (fl. conc.),2017-09-07T12:20:00-08:00,2017-09-08T00:00:00-08:00,1,metre,LAB,0.001,mg/L,,,,Preliminary,Ungraded,Water - Fresh,,3162123,Grab,,,,Nutrients,1380;Auto.Ascorbic Acid;EMS Migration,NOT_DETECTED,,0.001,,,2017-09-08T00:00:00-08:00,,,ALS,1,,,,,L1988100,,edt-water-november-26-2024v2-copy.xlsx
,0500846,Sulfate Dissolved (fl. conc.),2017-09-07T12:20:00-08:00,2017-09-09T00:00:00-08:00,1,metre,LAB,27.8,mg/L,,,,Preliminary,Ungraded,Water - Fresh,,3162123,Grab,,,,Major Ions,X044;Ion Chromatography;EMS Migration,,,0.3,,,2017-09-08T00:00:00-08:00,,Dissolved,ALS,1,,,,,L1988100,,edt-water-november-26-2024v2-copy.xlsx
,0500846,Phosphorus Total (fl. conc.),2017-09-07T12:20:00-08:00,2017-09-12T00:00:00-08:00,1,metre,LAB,0.0049,mg/L,,,,Preliminary,Ungraded,Water - Fresh,,3162123,Grab,,,,Nutrients,X307;Persulf/H2SO4 Dig:Col'm;EMS Migration,,,0.002,,,2017-09-08T00:00:00-08:00,,Total,ALS,1,,,,,L1988100,,edt-water-november-26-2024v2-copy.xlsx
,1132490,Nitrogen - Nitrite Dissolved (NO2) (fl. conc.),2019-08-23T08:15:00-08:00,2019-08-27T00:00:00-08:00,1,metre,LAB,0.001,mg/L,,,,Preliminary,Ungraded,Water - Fresh,,3435593,Grab,,,,Nutrients,X044;Ion Chromatography;EMS Migration,NOT_DETECTED,,0.001,,,2019-08-23T15:27:00-08:00,,Dissolved,ALS,1,,,,,L2335164,,edt-water-november-26-2024v2-copy.xlsx
,1100953,Hardness Total (Total) (fl. conc.),2018-02-20T12:45:00-08:00,2019-08-27T00:00:00-08:00,8,metre,LAB,92.89444,mg/L,,,,Preliminary,Ungraded,Water - Fresh,,3220669,Grab,,,,Major Ions,CS01;System Calculation;EMS Migration,,,,,,2018-02-22T00:00:00-08:00,,Total,ALS,,,,,,,,edt-water-november-26-2024v2-copy.xlsx
,1100953,Nitrogen Ammonia Dissolved (fl. conc.),2018-02-20T12:30:00-08:00,2018-03-07T00:00:00-08:00,1,metre,LAB,0.005,mg/L,,,,Preliminary,Ungraded,Water - Fresh,,3220670,Grab,,,,Nutrients,NH3F;NH3-F-VA;EMS Migration,NOT_DETECTED,,0.005,,,2018-02-22T00:00:00-08:00,,Dissolved,ALS,1,,,,,L2059482,,edt-water-november-26-2024v2-copy.xlsx
,1100953,Iron Dissolved (fl. conc.),2018-02-20T12:30:00-08:00,2018-03-05T00:00:00-08:00,1,metre,LAB,0.0126,mg/L,,,,Preliminary,Ungraded,Water - Fresh,,3220670,Grab,,,,Metals - Dissolved,"X562;Dissolved metals: FF, FA, HNO3, HR-ICPMS;EMS Migration",,,0.001,,,2018-02-22T00:00:00-08:00,,Dissolved,ALS,1,,,,,L2059482,,edt-water-november-26-2024v2-copy.xlsx
,1100953,Lithium Total (fl. conc.),2018-02-20T12:30:00-08:00,2018-03-05T00:00:00-08:00,1,metre,LAB,0.0005,mg/L,,,,Preliminary,Ungraded,Water - Fresh,,3220670,Grab,,,,Metals - Total,"X561;Total metals: FA, HNO3, HR-ICPMS (No Prep)Prep);EMS Migration",NOT_DETECTED,,0.0005,,,2018-02-22T00:00:00-08:00,,Total,ALS,1,,,,,L2059482,,edt-water-november-26-2024v2-copy.xlsx
,0603006,Barium Total (fl. conc.),2019-04-15T10:30:00-08:00,2019-04-16T00:00:00-08:00,15,metre,LAB,0.0223,mg/L,,,,Preliminary,Ungraded,Water - Fresh,,3389350,Grab,,,,Metals - Total,"X561;Total metals: FA, HNO3, HR-ICPMS (No Prep)Prep);EMS Migration",,,0.00002,,,2019-04-16T08:40:00-08:00,,Total,ALS,2,,,,,L2258497,,edt-water-november-26-2024v2-copy.xlsx
,0603006,Nitrate(NO3) + Nitrite(NO2) Dissolved (fl. conc.),2019-04-15T10:15:00-08:00,2019-04-22T00:00:00-08:00,1,metre,LAB,0.146,mg/L,,,,Preliminary,Ungraded,Water - Fresh,,3389351,Grab,,,,Nutrients,X044;Ion Chromatography;EMS Migration,,,0.0032,,,2019-04-16T08:40:00-08:00,,Dissolved,ALS,1,,,,,L2258497,,edt-water-november-26-2024v2-copy.xlsx
,0603006,Beryllium Total (fl. conc.),2019-04-15T10:15:00-08:00,2019-04-16T00:00:00-08:00,1,metre,LAB,0.00001,mg/L,,,,Preliminary,Ungraded,Water - Fresh,,3389351,Grab,,,,Metals - Total,"X561;Total metals: FA, HNO3, HR-ICPMS (No Prep)Prep);EMS Migration",NOT_DETECTED,,0.00001,,,2019-04-16T08:40:00-08:00,,Total,ALS,1,,,,,L2258497,,edt-water-november-26-2024v2-copy.xlsx
,E105973,Calcium Total (fl. conc.),2017-08-30T14:00:00-08:00,2017-09-13T00:00:00-08:00,1,metre,LAB,12,mg/L,,,,Preliminary,Ungraded,Water - Fresh,,3162678,Grab,,,,Metals - Total,"F082;Aliquot,HNO3/HCL dig,ICPMS;EMS Migration",,,0.05,,,2017-09-01T00:00:00-08:00,,Total,ALS,1,,,,,L1985271,,edt-water-november-26-2024v2-copy.xlsx
,0200434,Aluminum Dissolved (fl. conc.),2018-05-16T13:45:00-08:00,2018-05-29T00:00:00-08:00,1,metre,LAB,0.00281,mg/L,,,,Preliminary,Ungraded,Water - Fresh,,3252828,Grab,,,,Metals - Dissolved,"X562;Dissolved metals: FF, FA, HNO3, HR-ICPMS;EMS Migration",,,0.0002,,,2018-05-17T10:40:00-08:00,,Dissolved,ALS,1,,,,,L2096495,,edt-water-november-26-2024v2-copy.xlsx
,0200434,Specific Conductivity-Field (elec. cond.),2018-05-16T13:45:00-08:00,2018-05-23T00:00:00-08:00,1,metre,FIELD_RESULT,320.3,ÂµS/cm,,,,Preliminary,Ungraded,Water - Fresh,,,Grab,,Meter-in situ,,,XM00;Meter-in situ;EMS Migration,,,2,,,2018-05-17T10:40:00-08:00,,,ALS,1,,,,,L2096495,,edt-water-november-26-2024v2-copy.xlsx
,0200434,Yttrium Dissolved (fl. conc.),2018-05-16T13:45:00-08:00,2018-05-29T00:00:00-08:00,1,metre,LAB,0.0000054,mg/L,,,,Preliminary,Ungraded,Water - Fresh,,3252828,Grab,,,,Metals - Dissolved,"X562;Dissolved metals: FF, FA, HNO3, HR-ICPMS;EMS Migration",,,0.000005,,,2018-05-17T10:40:00-08:00,,Dissolved,ALS,1,,,,,L2096495,,edt-water-november-26-2024v2-copy.xlsx
,E224945,Calcium Total (fl. conc.),2017-05-31T12:25:00-08:00,2017-06-09T00:00:00-08:00,1,metre,LAB,9.79,mg/L,,,,Preliminary,Ungraded,Water - Fresh,,3133764,Grab,,,,Metals - Total,"X561;Total metals: FA, HNO3, HR-ICPMS (No Prep)Prep);EMS Migration",,,0.01,,,2017-06-05T00:00:00-08:00,,Total,ALS,3,,,,,L1936721,,edt-water-november-26-2024v2-copy.xlsx
,0500118,Silicon Total (fl. conc.),2020-03-17T11:15:00-08:00,2020-03-20T00:00:00-08:00,1,metre,LAB,3.58,mg/L,,,,Preliminary,Ungraded,Water - Fresh,,3523130,Grab,,,,Metals - Total,METN;MET-T-NP-CCMS-VA;EMS Migration,,,0.05,,,2020-03-18T08:25:00-08:00,,Total,ALS,1,,,,,L2429256,,edt-water-november-26-2024v2-copy.xlsx
,E303250,Tin Total (fl. conc.),2022-05-11T12:00:00-08:00,2022-05-16T00:00:00-08:00,15,metre,LAB,0.00005,mg/L,,,,Preliminary,Ungraded,Water - Fresh,,3901111,Grab,,,,Metals - Total,METN;MET-T-NP-CCMS-VA;EMS Migration,NOT_DETECTED,,0.00005,,,2022-05-11T21:30:00-08:00,,Total,ALS,002,,,,,VA22B0306,,edt-water-november-26-2024v2-copy.xlsx
,E303250,Uranium Total (fl. conc.),2022-05-11T12:00:00-08:00,2022-05-16T00:00:00-08:00,15,metre,LAB,0.00151,mg/L,,,,Preliminary,Ungraded,Water - Fresh,,3901111,Grab,,,,Metals - Total,METN;MET-T-NP-CCMS-VA;EMS Migration,,,0.000002,,,2022-05-11T21:30:00-08:00,,Total,ALS,002,,,,,VA22B0306,,edt-water-november-26-2024v2-copy.xlsx
,E303250,Cobalt Total (fl. conc.),2022-05-11T11:45:00-08:00,2022-05-16T00:00:00-08:00,1,metre,LAB,0.0000186,mg/L,,,,Preliminary,Ungraded,Water - Fresh,,3901112,Grab,,,,Metals - Total,METN;MET-T-NP-CCMS-VA;EMS Migration,,,0.000005,,,2022-05-11T21:30:00-08:00,,Total,ALS,001,,,,,VA22B0306,,edt-water-november-26-2024v2-copy.xlsx
,E303250,Lithium Total (fl. conc.),2022-05-11T11:45:00-08:00,2022-05-16T00:00:00-08:00,1,metre,LAB,0.00298,mg/L,,,,Preliminary,Ungraded,Water - Fresh,,3901112,Grab,,,,Metals - Total,METN;MET-T-NP-CCMS-VA;EMS Migration,,,0.0005,,,2022-05-11T21:30:00-08:00,,Total,ALS,001,,,,,VA22B0306,,edt-water-november-26-2024v2-copy.xlsx
,E303250,Phosphorus Ort.Dis-P (fl. conc.),2022-05-11T11:45:00-08:00,2022-05-16T00:00:00-08:00,1,metre,LAB,0.001,mg/L,,,,Preliminary,Ungraded,Water - Fresh,,3901112,Grab,,,,Nutrients,1420;Auto. Ascorbic - L Level;EMS Migration,NOT_DETECTED,,0.001,,,2022-05-11T21:30:00-08:00,,,ALS,001,,,,,VA22B0306,,edt-water-november-26-2024v2-copy.xlsx
,E316772,Lithium Total (fl. conc.),2020-06-29T12:15:00-08:00,2020-07-06T00:00:00-08:00,1,metre,LAB,0.0005,mg/L,,,,Preliminary,Ungraded,Water - Fresh,,3570163,Grab,,,,Metals - Total,METN;MET-T-NP-CCMS-VA;EMS Migration,NOT_DETECTED,,0.0005,,,2020-07-02T11:25:00-08:00,,Total,ALS,1,,,,,L2468613,,edt-water-november-26-2024v2-copy.xlsx
